tissue,type,trait,V1
GRoot,Metabolite,X.1001..phenethylamine..13.742,18
GRoot,Metabolite,X.1060..pyruvic.acid..6.714,30
GRoot,Metabolite,X.119..gamma.aminobutyric.acid..GABA...13.326,17
GRoot,Metabolite,X.12647..L.homoserine.2..12.359,3
GRoot,Metabolite,X.128869..galactonic.acid.2..18.504,19
GRoot,Metabolite,X.1549111..caffeic.acid..19.755,19
GRoot,Metabolite,X.204..allantoin.1..17.293,19
GRoot,Metabolite,X.2116..alpha.tocophereol..27.379,15
GRoot,Metabolite,X.236..L.asparagine.2..14.984,31
GRoot,Metabolite,X.239..Beta..alanine..1..12.044,10
GRoot,Metabolite,X.2724705..1.6.anhydro.glucose..15.326,68
GRoot,Metabolite,X.3037582..mucic.acid..18.907,3
GRoot,Metabolite,X.311..citric.acid..16.615..s100,45
GRoot,Metabolite,X.33032..L.glutamic.acid.3..dehydrated...13.232..s100,14
GRoot,Metabolite,X.439183..3.phosphoglyceric.acid..16.504,9
GRoot,Metabolite,X.439194..glyceric.acid..10.735,5
GRoot,Metabolite,X.439242..Raffinose..29.282,35
GRoot,Metabolite,X.439451..galactinol.2..26.479,26
GRoot,Metabolite,X.439742..beta.cyano.L.alanine..11.288,31
GRoot,Metabolite,X.439958..D.glucose.6.phosphate.1..21.394,44
GRoot,Metabolite,X.444212..trans.aconitic.acid..15.842..s100,26
GRoot,Metabolite,X.444266..maleic.acid..10.323,30
GRoot,Metabolite,X.444972..fumaric.acid..10.94,25
GRoot,Metabolite,X.448388..D.allose.1..17.278,12
GRoot,Metabolite,X.51..alpha.ketoglutaric.acid..13.859,34
GRoot,Metabolite,X.5280450..linoleic.acid..20.399,15
GRoot,Metabolite,X.5321342..beta.sitosterol..28.848,74
GRoot,Metabolite,X.5321515..stigmasterol..28.442,12
GRoot,Metabolite,X.5460407..threonic.acid..13.652,11
GRoot,Metabolite,X.5460673..D.saccharic.acid..18.614,57
GRoot,Metabolite,X.5460935..turanose.1..24.81,20
GRoot,Metabolite,X.5810..trans.4.hydroxy.L.proline.2..13.267,30
GRoot,Metabolite,X.5951..L.serine.2..11.174..s100,14
GRoot,Metabolite,X.5960..aspartic.acid.2..13.207,35
GRoot,Metabolite,X.5962..L.lysine.2..17.643,4
GRoot,Metabolite,X.5984..fructose.1..17.18..s100,23
GRoot,Metabolite,X.5988..Sucrose..23.988..s100,18
GRoot,Metabolite,X.6057..tyrosine.2..17.871,20
GRoot,Metabolite,X.60961..adenosine..23.825,35
GRoot,Metabolite,X.6106..L.leucine.2..9.945,33
GRoot,Metabolite,X.6255..maltose..2..24.915,80
GRoot,Metabolite,X.6255..maltose.1..24.702,24
GRoot,Metabolite,X.6262..L.ornithine.2..16.632,38
GRoot,Metabolite,X.6287..L.valine.2..9.151,15
GRoot,Metabolite,X.6288..L.threonine.2..11.464,1
GRoot,Metabolite,X.637542..4.hydroxycinnamic.acid..17.854,31
GRoot,Metabolite,X.637775..3.5.dimethoxy.4.hydroxycinnamic.acid.2..20.65,20
GRoot,Metabolite,X.642609..trans.caftaric.acid.2..25.529,31
GRoot,Metabolite,X.6508..quinic.acid..17.076..s100,5
GRoot,Metabolite,X.6537496..chlorogenic.acid.1..26.37,33
GRoot,Metabolite,X.6537496..chlorogenic.acid.2..27.18._alt,15
GRoot,Metabolite,X.6537496..chlorogenic.acid.2..27.18..s100,63
GRoot,Metabolite,X.6912..xylitol..15.376,8
GRoot,Metabolite,X.700..ethanolamine..9.879,21
GRoot,Metabolite,X.738..L.glutamine.2..14.083,29
GRoot,Metabolite,X.750..glycine..10.456..s100,3
GRoot,Metabolite,X.754..glycerol.1.phosphate..16.056,20
GRoot,Metabolite,X.791..DL.isoleucine.2..10.225,25
GRoot,Metabolite,X.827..ribitol..15.66,17
GRoot,Metabolite,X.835..dehydroascorbic.acid..1..16.863,5
GRoot,Metabolite,X.8742..shikimic.acid..16.433..s100,95
GRoot,Metabolite,X.892..myo.inositol..19.354..s100,49
GRoot,Metabolite,X.92824..D.malic.acid..12.794..s100,12
GRoot,Metabolite,X.938..nicotinic.acid..10.27,26
GRoot,Metabolite,X.971..oxalic.acid..7.883,12
GRoot,Metabolite,X.9750..citrulline.2..16.691,1
GRoot,Morphology,AnthesistoSilkInterval,44
GRoot,Morphology,CobDiameter,12
GRoot,Morphology,CobWeight,13
GRoot,Morphology,DaystoSilk,65
GRoot,Morphology,DaysToTassel,15
GRoot,Morphology,EarDiameter,14
GRoot,Morphology,EarHeight,11
GRoot,Morphology,EarLength,6
GRoot,Morphology,EarRankNumber,60
GRoot,Morphology,EarRowNumber,26
GRoot,Morphology,EarWeight,12
GRoot,Morphology,GDDAnthesis.SilkingInterval,26
GRoot,Morphology,GDDDaystoSilk,31
GRoot,Morphology,GDDDaystoTassel,75
GRoot,Morphology,GerminationCount,27
GRoot,Morphology,LeafLength,33
GRoot,Morphology,LeafWidth,73
GRoot,Morphology,MainSpikeLength,23
GRoot,Morphology,MiddleLeafAngle,9
GRoot,Morphology,NIROil,12
GRoot,Morphology,NIRProtein,34
GRoot,Morphology,NIRStarch,24
GRoot,Morphology,NumberofTilleringPlants,26
GRoot,Morphology,PlantHeight,15
GRoot,Morphology,RowQuality,36
GRoot,Morphology,SecondaryBranchNumber,76
GRoot,Morphology,SeedSetLength,23
GRoot,Morphology,SouthernLeafBlight,44
GRoot,Morphology,Spikelets.MainSpike,16
GRoot,Morphology,Spikelets.PrimaryBranch,9
GRoot,Morphology,StandCount,25
GRoot,Morphology,TasselBranchLength,21
GRoot,Morphology,TasselLength,27
GRoot,Morphology,TasselPrimaryBranches,14
GRoot,Morphology,TilleringIndex,8
GRoot,Morphology,TotalKernelNum,10
GRoot,Morphology,TotalKernelVolume,20
GRoot,Morphology,TotalSeedWeight,16
GRoot,Morphology,UpperLeafAngle,19
GRoot,Morphology,X20KernelWeight,11
GShoot,Metabolite,X.1001..phenethylamine..13.742,7
GShoot,Metabolite,X.1060..pyruvic.acid..6.714,31
GShoot,Metabolite,X.119..gamma.aminobutyric.acid..GABA...13.326,13
GShoot,Metabolite,X.12647..L.homoserine.2..12.359,40
GShoot,Metabolite,X.128869..galactonic.acid.2..18.504,20
GShoot,Metabolite,X.1549111..caffeic.acid..19.755,38
GShoot,Metabolite,X.204..allantoin.1..17.293,19
GShoot,Metabolite,X.2116..alpha.tocophereol..27.379,30
GShoot,Metabolite,X.236..L.asparagine.2..14.984,17
GShoot,Metabolite,X.2724705..1.6.anhydro.glucose..15.326,106
GShoot,Metabolite,X.3037582..mucic.acid..18.907,34
GShoot,Metabolite,X.311..citric.acid..16.615..s100,51
GShoot,Metabolite,X.33032..L.glutamic.acid.3..dehydrated...13.232..s100,30
GShoot,Metabolite,X.439183..3.phosphoglyceric.acid..16.504,20
GShoot,Metabolite,X.439194..glyceric.acid..10.735,39
GShoot,Metabolite,X.439242..Raffinose..29.282,13
GShoot,Metabolite,X.439451..galactinol.2..26.479,15
GShoot,Metabolite,X.439742..beta.cyano.L.alanine..11.288,71
GShoot,Metabolite,X.439958..D.glucose.6.phosphate.1..21.394,20
GShoot,Metabolite,X.444212..trans.aconitic.acid..15.842..s100,11
GShoot,Metabolite,X.444266..maleic.acid..10.323,51
GShoot,Metabolite,X.444972..fumaric.acid..10.94,59
GShoot,Metabolite,X.448388..D.allose.1..17.278,14
GShoot,Metabolite,X.51..alpha.ketoglutaric.acid..13.859,71
GShoot,Metabolite,X.5280450..linoleic.acid..20.399,30
GShoot,Metabolite,X.5321342..beta.sitosterol..28.848,33
GShoot,Metabolite,X.5321515..stigmasterol..28.442,65
GShoot,Metabolite,X.5460407..threonic.acid..13.652,23
GShoot,Metabolite,X.5460673..D.saccharic.acid..18.614,4
GShoot,Metabolite,X.5460935..turanose.1..24.81,56
GShoot,Metabolite,X.5810..trans.4.hydroxy.L.proline.2..13.267,61
GShoot,Metabolite,X.5951..L.serine.2..11.174..s100,4
GShoot,Metabolite,X.5960..aspartic.acid.2..13.207,24
GShoot,Metabolite,X.5962..L.lysine.2..17.643,10
GShoot,Metabolite,X.5984..fructose.1..17.18..s100,6
GShoot,Metabolite,X.5988..Sucrose..23.988..s100,7
GShoot,Metabolite,X.6057..tyrosine.2..17.871,15
GShoot,Metabolite,X.60961..adenosine..23.825,37
GShoot,Metabolite,X.6106..L.leucine.2..9.945,22
GShoot,Metabolite,X.6255..maltose..2..24.915,28
GShoot,Metabolite,X.6255..maltose.1..24.702,13
GShoot,Metabolite,X.6262..L.ornithine.2..16.632,30
GShoot,Metabolite,X.6287..L.valine.2..9.151,24
GShoot,Metabolite,X.6288..L.threonine.2..11.464,4
GShoot,Metabolite,X.637542..4.hydroxycinnamic.acid..17.854,8
GShoot,Metabolite,X.637775..3.5.dimethoxy.4.hydroxycinnamic.acid.2..20.65,93
GShoot,Metabolite,X.642609..trans.caftaric.acid.2..25.529,67
GShoot,Metabolite,X.6508..quinic.acid..17.076..s100,15
GShoot,Metabolite,X.6537496..chlorogenic.acid.1..26.37,4
GShoot,Metabolite,X.6537496..chlorogenic.acid.2..27.18._alt,31
GShoot,Metabolite,X.6537496..chlorogenic.acid.2..27.18..s100,58
GShoot,Metabolite,X.6912..xylitol..15.376,29
GShoot,Metabolite,X.700..ethanolamine..9.879,13
GShoot,Metabolite,X.738..L.glutamine.2..14.083,29
GShoot,Metabolite,X.754..glycerol.1.phosphate..16.056,26
GShoot,Metabolite,X.791..DL.isoleucine.2..10.225,39
GShoot,Metabolite,X.827..ribitol..15.66,26
GShoot,Metabolite,X.835..dehydroascorbic.acid..1..16.863,25
GShoot,Metabolite,X.8742..shikimic.acid..16.433..s100,63
GShoot,Metabolite,X.892..myo.inositol..19.354..s100,37
GShoot,Metabolite,X.92824..D.malic.acid..12.794..s100,16
GShoot,Metabolite,X.938..nicotinic.acid..10.27,9
GShoot,Metabolite,X.971..oxalic.acid..7.883,8
GShoot,Metabolite,X.9750..citrulline.2..16.691,58
GShoot,Morphology,AnthesistoSilkInterval,36
GShoot,Morphology,CobDiameter,12
GShoot,Morphology,CobWeight,8
GShoot,Morphology,DaystoSilk,19
GShoot,Morphology,DaysToTassel,25
GShoot,Morphology,EarDiameter,10
GShoot,Morphology,EarHeight,28
GShoot,Morphology,EarLength,4
GShoot,Morphology,EarRankNumber,63
GShoot,Morphology,EarRowNumber,28
GShoot,Morphology,EarWeight,25
GShoot,Morphology,GDDAnthesis.SilkingInterval,16
GShoot,Morphology,GDDDaystoSilk,12
GShoot,Morphology,GDDDaystoTassel,35
GShoot,Morphology,GerminationCount,27
GShoot,Morphology,LeafLength,34
GShoot,Morphology,LeafWidth,41
GShoot,Morphology,MainSpikeLength,18
GShoot,Morphology,MiddleLeafAngle,7
GShoot,Morphology,NIROil,12
GShoot,Morphology,NIRProtein,21
GShoot,Morphology,NIRStarch,15
GShoot,Morphology,NumberofTilleringPlants,13
GShoot,Morphology,PlantHeight,35
GShoot,Morphology,RowQuality,34
GShoot,Morphology,SecondaryBranchNumber,52
GShoot,Morphology,SeedSetLength,17
GShoot,Morphology,SouthernLeafBlight,11
GShoot,Morphology,Spikelets.MainSpike,35
GShoot,Morphology,Spikelets.PrimaryBranch,13
GShoot,Morphology,StandCount,14
GShoot,Morphology,TasselBranchLength,18
GShoot,Morphology,TasselLength,45
GShoot,Morphology,TasselPrimaryBranches,33
GShoot,Morphology,TilleringIndex,20
GShoot,Morphology,TotalKernelNum,16
GShoot,Morphology,TotalKernelVolume,4
GShoot,Morphology,TotalSeedWeight,13
GShoot,Morphology,UpperLeafAngle,13
GShoot,Morphology,X20KernelWeight,14
Kern,Metabolite,X.1001..phenethylamine..13.742,15
Kern,Metabolite,X.1060..pyruvic.acid..6.714,16
Kern,Metabolite,X.119..gamma.aminobutyric.acid..GABA...13.326,2
Kern,Metabolite,X.12647..L.homoserine.2..12.359,11
Kern,Metabolite,X.128869..galactonic.acid.2..18.504,18
Kern,Metabolite,X.1549111..caffeic.acid..19.755,9
Kern,Metabolite,X.204..allantoin.1..17.293,3
Kern,Metabolite,X.2116..alpha.tocophereol..27.379,12
Kern,Metabolite,X.236..L.asparagine.2..14.984,20
Kern,Metabolite,X.239..Beta..alanine..1..12.044,1
Kern,Metabolite,X.2724705..1.6.anhydro.glucose..15.326,68
Kern,Metabolite,X.3037582..mucic.acid..18.907,69
Kern,Metabolite,X.311..citric.acid..16.615..s100,49
Kern,Metabolite,X.33032..L.glutamic.acid.3..dehydrated...13.232..s100,21
Kern,Metabolite,X.439183..3.phosphoglyceric.acid..16.504,6
Kern,Metabolite,X.439194..glyceric.acid..10.735,46
Kern,Metabolite,X.439242..Raffinose..29.282,42
Kern,Metabolite,X.439451..galactinol.2..26.479,17
Kern,Metabolite,X.439742..beta.cyano.L.alanine..11.288,24
Kern,Metabolite,X.439958..D.glucose.6.phosphate.1..21.394,7
Kern,Metabolite,X.444212..trans.aconitic.acid..15.842..s100,31
Kern,Metabolite,X.444266..maleic.acid..10.323,16
Kern,Metabolite,X.444972..fumaric.acid..10.94,41
Kern,Metabolite,X.448388..D.allose.1..17.278,19
Kern,Metabolite,X.51..alpha.ketoglutaric.acid..13.859,23
Kern,Metabolite,X.5280450..linoleic.acid..20.399,18
Kern,Metabolite,X.5321342..beta.sitosterol..28.848,76
Kern,Metabolite,X.5321515..stigmasterol..28.442,36
Kern,Metabolite,X.5460407..threonic.acid..13.652,42
Kern,Metabolite,X.5460673..D.saccharic.acid..18.614,53
Kern,Metabolite,X.5460935..turanose.1..24.81,41
Kern,Metabolite,X.5810..trans.4.hydroxy.L.proline.2..13.267,63
Kern,Metabolite,X.5951..L.serine.2..11.174..s100,46
Kern,Metabolite,X.5960..aspartic.acid.2..13.207,54
Kern,Metabolite,X.5962..L.lysine.2..17.643,26
Kern,Metabolite,X.5984..fructose.1..17.18..s100,9
Kern,Metabolite,X.5988..Sucrose..23.988..s100,17
Kern,Metabolite,X.6057..tyrosine.2..17.871,3
Kern,Metabolite,X.60961..adenosine..23.825,11
Kern,Metabolite,X.6106..L.leucine.2..9.945,28
Kern,Metabolite,X.6255..maltose..2..24.915,26
Kern,Metabolite,X.6255..maltose.1..24.702,19
Kern,Metabolite,X.6262..L.ornithine.2..16.632,4
Kern,Metabolite,X.6287..L.valine.2..9.151,13
Kern,Metabolite,X.6288..L.threonine.2..11.464,29
Kern,Metabolite,X.637542..4.hydroxycinnamic.acid..17.854,21
Kern,Metabolite,X.637775..3.5.dimethoxy.4.hydroxycinnamic.acid.2..20.65,42
Kern,Metabolite,X.642609..trans.caftaric.acid.2..25.529,77
Kern,Metabolite,X.6508..quinic.acid..17.076..s100,8
Kern,Metabolite,X.6537496..chlorogenic.acid.1..26.37,19
Kern,Metabolite,X.6537496..chlorogenic.acid.2..27.18._alt,26
Kern,Metabolite,X.6537496..chlorogenic.acid.2..27.18..s100,11
Kern,Metabolite,X.6912..xylitol..15.376,12
Kern,Metabolite,X.700..ethanolamine..9.879,16
Kern,Metabolite,X.738..L.glutamine.2..14.083,16
Kern,Metabolite,X.750..glycine..10.456..s100,19
Kern,Metabolite,X.754..glycerol.1.phosphate..16.056,3
Kern,Metabolite,X.791..DL.isoleucine.2..10.225,15
Kern,Metabolite,X.827..ribitol..15.66,23
Kern,Metabolite,X.835..dehydroascorbic.acid..1..16.863,11
Kern,Metabolite,X.8742..shikimic.acid..16.433..s100,23
Kern,Metabolite,X.892..myo.inositol..19.354..s100,76
Kern,Metabolite,X.92824..D.malic.acid..12.794..s100,22
Kern,Metabolite,X.938..nicotinic.acid..10.27,55
Kern,Metabolite,X.971..oxalic.acid..7.883,7
Kern,Metabolite,X.9750..citrulline.2..16.691,77
Kern,Morphology,AnthesistoSilkInterval,22
Kern,Morphology,CobDiameter,6
Kern,Morphology,CobWeight,10
Kern,Morphology,DaystoSilk,27
Kern,Morphology,DaysToTassel,57
Kern,Morphology,EarDiameter,6
Kern,Morphology,EarHeight,25
Kern,Morphology,EarLength,33
Kern,Morphology,EarRankNumber,84
Kern,Morphology,EarRowNumber,16
Kern,Morphology,EarWeight,15
Kern,Morphology,GDDAnthesis.SilkingInterval,34
Kern,Morphology,GDDDaystoSilk,28
Kern,Morphology,GDDDaystoTassel,88
Kern,Morphology,GerminationCount,51
Kern,Morphology,LeafLength,19
Kern,Morphology,LeafWidth,19
Kern,Morphology,MainSpikeLength,21
Kern,Morphology,NIROil,7
Kern,Morphology,NIRProtein,14
Kern,Morphology,NIRStarch,20
Kern,Morphology,NumberofTilleringPlants,26
Kern,Morphology,PlantHeight,26
Kern,Morphology,RowQuality,60
Kern,Morphology,SecondaryBranchNumber,14
Kern,Morphology,SeedSetLength,21
Kern,Morphology,SouthernLeafBlight,27
Kern,Morphology,Spikelets.MainSpike,17
Kern,Morphology,Spikelets.PrimaryBranch,14
Kern,Morphology,StandCount,9
Kern,Morphology,TasselBranchLength,8
Kern,Morphology,TasselLength,13
Kern,Morphology,TasselPrimaryBranches,19
Kern,Morphology,TilleringIndex,28
Kern,Morphology,TotalKernelNum,12
Kern,Morphology,TotalKernelVolume,11
Kern,Morphology,TotalSeedWeight,12
Kern,Morphology,UpperLeafAngle,13
Kern,Morphology,X20KernelWeight,54
L3Base,Metabolite,X.1001..phenethylamine..13.742,22
L3Base,Metabolite,X.1060..pyruvic.acid..6.714,29
L3Base,Metabolite,X.119..gamma.aminobutyric.acid..GABA...13.326,21
L3Base,Metabolite,X.12647..L.homoserine.2..12.359,11
L3Base,Metabolite,X.128869..galactonic.acid.2..18.504,9
L3Base,Metabolite,X.1549111..caffeic.acid..19.755,25
L3Base,Metabolite,X.204..allantoin.1..17.293,26
L3Base,Metabolite,X.2116..alpha.tocophereol..27.379,24
L3Base,Metabolite,X.236..L.asparagine.2..14.984,15
L3Base,Metabolite,X.239..Beta..alanine..1..12.044,4
L3Base,Metabolite,X.2724705..1.6.anhydro.glucose..15.326,36
L3Base,Metabolite,X.3037582..mucic.acid..18.907,28
L3Base,Metabolite,X.311..citric.acid..16.615..s100,14
L3Base,Metabolite,X.33032..L.glutamic.acid.3..dehydrated...13.232..s100,30
L3Base,Metabolite,X.439183..3.phosphoglyceric.acid..16.504,24
L3Base,Metabolite,X.439194..glyceric.acid..10.735,26
L3Base,Metabolite,X.439242..Raffinose..29.282,25
L3Base,Metabolite,X.439451..galactinol.2..26.479,47
L3Base,Metabolite,X.439742..beta.cyano.L.alanine..11.288,26
L3Base,Metabolite,X.439958..D.glucose.6.phosphate.1..21.394,16
L3Base,Metabolite,X.444212..trans.aconitic.acid..15.842..s100,9
L3Base,Metabolite,X.444266..maleic.acid..10.323,83
L3Base,Metabolite,X.444972..fumaric.acid..10.94,19
L3Base,Metabolite,X.448388..D.allose.1..17.278,12
L3Base,Metabolite,X.51..alpha.ketoglutaric.acid..13.859,38
L3Base,Metabolite,X.5280450..linoleic.acid..20.399,36
L3Base,Metabolite,X.5321342..beta.sitosterol..28.848,72
L3Base,Metabolite,X.5321515..stigmasterol..28.442,22
L3Base,Metabolite,X.5460407..threonic.acid..13.652,24
L3Base,Metabolite,X.5460673..D.saccharic.acid..18.614,25
L3Base,Metabolite,X.5460935..turanose.1..24.81,8
L3Base,Metabolite,X.5810..trans.4.hydroxy.L.proline.2..13.267,25
L3Base,Metabolite,X.5951..L.serine.2..11.174..s100,40
L3Base,Metabolite,X.5960..aspartic.acid.2..13.207,15
L3Base,Metabolite,X.5962..L.lysine.2..17.643,49
L3Base,Metabolite,X.5984..fructose.1..17.18..s100,10
L3Base,Metabolite,X.5988..Sucrose..23.988..s100,8
L3Base,Metabolite,X.6057..tyrosine.2..17.871,17
L3Base,Metabolite,X.60961..adenosine..23.825,5
L3Base,Metabolite,X.6106..L.leucine.2..9.945,9
L3Base,Metabolite,X.6255..maltose..2..24.915,44
L3Base,Metabolite,X.6255..maltose.1..24.702,25
L3Base,Metabolite,X.6262..L.ornithine.2..16.632,12
L3Base,Metabolite,X.6287..L.valine.2..9.151,31
L3Base,Metabolite,X.6288..L.threonine.2..11.464,6
L3Base,Metabolite,X.637542..4.hydroxycinnamic.acid..17.854,20
L3Base,Metabolite,X.637775..3.5.dimethoxy.4.hydroxycinnamic.acid.2..20.65,22
L3Base,Metabolite,X.642609..trans.caftaric.acid.2..25.529,24
L3Base,Metabolite,X.6508..quinic.acid..17.076..s100,13
L3Base,Metabolite,X.6537496..chlorogenic.acid.1..26.37,6
L3Base,Metabolite,X.6537496..chlorogenic.acid.2..27.18._alt,50
L3Base,Metabolite,X.6537496..chlorogenic.acid.2..27.18..s100,7
L3Base,Metabolite,X.6912..xylitol..15.376,66
L3Base,Metabolite,X.700..ethanolamine..9.879,9
L3Base,Metabolite,X.738..L.glutamine.2..14.083,46
L3Base,Metabolite,X.750..glycine..10.456..s100,18
L3Base,Metabolite,X.754..glycerol.1.phosphate..16.056,24
L3Base,Metabolite,X.791..DL.isoleucine.2..10.225,16
L3Base,Metabolite,X.827..ribitol..15.66,2
L3Base,Metabolite,X.835..dehydroascorbic.acid..1..16.863,35
L3Base,Metabolite,X.8742..shikimic.acid..16.433..s100,17
L3Base,Metabolite,X.892..myo.inositol..19.354..s100,34
L3Base,Metabolite,X.92824..D.malic.acid..12.794..s100,22
L3Base,Metabolite,X.938..nicotinic.acid..10.27,25
L3Base,Metabolite,X.971..oxalic.acid..7.883,12
L3Base,Metabolite,X.9750..citrulline.2..16.691,10
L3Base,Morphology,AnthesistoSilkInterval,38
L3Base,Morphology,CobDiameter,29
L3Base,Morphology,CobWeight,32
L3Base,Morphology,DaystoSilk,37
L3Base,Morphology,DaysToTassel,40
L3Base,Morphology,EarDiameter,23
L3Base,Morphology,EarHeight,17
L3Base,Morphology,EarLength,36
L3Base,Morphology,EarRankNumber,38
L3Base,Morphology,EarRowNumber,9
L3Base,Morphology,EarWeight,16
L3Base,Morphology,GDDAnthesis.SilkingInterval,31
L3Base,Morphology,GDDDaystoSilk,47
L3Base,Morphology,GDDDaystoTassel,40
L3Base,Morphology,GerminationCount,18
L3Base,Morphology,LeafLength,22
L3Base,Morphology,LeafWidth,20
L3Base,Morphology,MainSpikeLength,48
L3Base,Morphology,MiddleLeafAngle,14
L3Base,Morphology,NIROil,16
L3Base,Morphology,NIRProtein,13
L3Base,Morphology,NIRStarch,3
L3Base,Morphology,NumberofTilleringPlants,23
L3Base,Morphology,PlantHeight,12
L3Base,Morphology,RowQuality,15
L3Base,Morphology,SecondaryBranchNumber,16
L3Base,Morphology,SeedSetLength,29
L3Base,Morphology,SouthernLeafBlight,30
L3Base,Morphology,Spikelets.MainSpike,32
L3Base,Morphology,Spikelets.PrimaryBranch,33
L3Base,Morphology,StandCount,17
L3Base,Morphology,TasselBranchLength,20
L3Base,Morphology,TasselLength,37
L3Base,Morphology,TasselPrimaryBranches,13
L3Base,Morphology,TilleringIndex,28
L3Base,Morphology,TotalKernelNum,14
L3Base,Morphology,TotalKernelVolume,6
L3Base,Morphology,TotalSeedWeight,14
L3Base,Morphology,UpperLeafAngle,11
L3Base,Morphology,X20KernelWeight,18
L3Tip,Metabolite,X.1001..phenethylamine..13.742,4
L3Tip,Metabolite,X.1060..pyruvic.acid..6.714,7
L3Tip,Metabolite,X.119..gamma.aminobutyric.acid..GABA...13.326,33
L3Tip,Metabolite,X.12647..L.homoserine.2..12.359,14
L3Tip,Metabolite,X.128869..galactonic.acid.2..18.504,14
L3Tip,Metabolite,X.1549111..caffeic.acid..19.755,28
L3Tip,Metabolite,X.2116..alpha.tocophereol..27.379,32
L3Tip,Metabolite,X.236..L.asparagine.2..14.984,10
L3Tip,Metabolite,X.239..Beta..alanine..1..12.044,23
L3Tip,Metabolite,X.2724705..1.6.anhydro.glucose..15.326,9
L3Tip,Metabolite,X.3037582..mucic.acid..18.907,21
L3Tip,Metabolite,X.311..citric.acid..16.615..s100,23
L3Tip,Metabolite,X.33032..L.glutamic.acid.3..dehydrated...13.232..s100,40
L3Tip,Metabolite,X.439183..3.phosphoglyceric.acid..16.504,11
L3Tip,Metabolite,X.439194..glyceric.acid..10.735,36
L3Tip,Metabolite,X.439242..Raffinose..29.282,16
L3Tip,Metabolite,X.439451..galactinol.2..26.479,7
L3Tip,Metabolite,X.439742..beta.cyano.L.alanine..11.288,22
L3Tip,Metabolite,X.439958..D.glucose.6.phosphate.1..21.394,28
L3Tip,Metabolite,X.444212..trans.aconitic.acid..15.842..s100,11
L3Tip,Metabolite,X.444266..maleic.acid..10.323,101
L3Tip,Metabolite,X.444972..fumaric.acid..10.94,23
L3Tip,Metabolite,X.448388..D.allose.1..17.278,2
L3Tip,Metabolite,X.51..alpha.ketoglutaric.acid..13.859,18
L3Tip,Metabolite,X.5280450..linoleic.acid..20.399,10
L3Tip,Metabolite,X.5321342..beta.sitosterol..28.848,34
L3Tip,Metabolite,X.5321515..stigmasterol..28.442,7
L3Tip,Metabolite,X.5460407..threonic.acid..13.652,15
L3Tip,Metabolite,X.5460673..D.saccharic.acid..18.614,29
L3Tip,Metabolite,X.5460935..turanose.1..24.81,5
L3Tip,Metabolite,X.5810..trans.4.hydroxy.L.proline.2..13.267,15
L3Tip,Metabolite,X.5951..L.serine.2..11.174..s100,3
L3Tip,Metabolite,X.5960..aspartic.acid.2..13.207,19
L3Tip,Metabolite,X.5962..L.lysine.2..17.643,15
L3Tip,Metabolite,X.5984..fructose.1..17.18..s100,11
L3Tip,Metabolite,X.5988..Sucrose..23.988..s100,15
L3Tip,Metabolite,X.6057..tyrosine.2..17.871,20
L3Tip,Metabolite,X.60961..adenosine..23.825,43
L3Tip,Metabolite,X.6106..L.leucine.2..9.945,31
L3Tip,Metabolite,X.6255..maltose..2..24.915,5
L3Tip,Metabolite,X.6255..maltose.1..24.702,6
L3Tip,Metabolite,X.6262..L.ornithine.2..16.632,6
L3Tip,Metabolite,X.6287..L.valine.2..9.151,17
L3Tip,Metabolite,X.6288..L.threonine.2..11.464,1
L3Tip,Metabolite,X.637542..4.hydroxycinnamic.acid..17.854,24
L3Tip,Metabolite,X.637775..3.5.dimethoxy.4.hydroxycinnamic.acid.2..20.65,39
L3Tip,Metabolite,X.642609..trans.caftaric.acid.2..25.529,15
L3Tip,Metabolite,X.6508..quinic.acid..17.076..s100,6
L3Tip,Metabolite,X.6537496..chlorogenic.acid.1..26.37,38
L3Tip,Metabolite,X.6537496..chlorogenic.acid.2..27.18._alt,19
L3Tip,Metabolite,X.6537496..chlorogenic.acid.2..27.18..s100,16
L3Tip,Metabolite,X.6912..xylitol..15.376,14
L3Tip,Metabolite,X.700..ethanolamine..9.879,23
L3Tip,Metabolite,X.738..L.glutamine.2..14.083,4
L3Tip,Metabolite,X.750..glycine..10.456..s100,13
L3Tip,Metabolite,X.754..glycerol.1.phosphate..16.056,6
L3Tip,Metabolite,X.791..DL.isoleucine.2..10.225,11
L3Tip,Metabolite,X.827..ribitol..15.66,8
L3Tip,Metabolite,X.835..dehydroascorbic.acid..1..16.863,24
L3Tip,Metabolite,X.8742..shikimic.acid..16.433..s100,16
L3Tip,Metabolite,X.892..myo.inositol..19.354..s100,23
L3Tip,Metabolite,X.92824..D.malic.acid..12.794..s100,22
L3Tip,Metabolite,X.938..nicotinic.acid..10.27,17
L3Tip,Metabolite,X.971..oxalic.acid..7.883,11
L3Tip,Metabolite,X.9750..citrulline.2..16.691,5
L3Tip,Morphology,AnthesistoSilkInterval,19
L3Tip,Morphology,CobDiameter,25
L3Tip,Morphology,CobWeight,6
L3Tip,Morphology,DaystoSilk,38
L3Tip,Morphology,DaysToTassel,31
L3Tip,Morphology,EarDiameter,16
L3Tip,Morphology,EarHeight,20
L3Tip,Morphology,EarLength,22
L3Tip,Morphology,EarRankNumber,15
L3Tip,Morphology,EarRowNumber,8
L3Tip,Morphology,EarWeight,28
L3Tip,Morphology,GDDAnthesis.SilkingInterval,54
L3Tip,Morphology,GDDDaystoSilk,32
L3Tip,Morphology,GDDDaystoTassel,66
L3Tip,Morphology,GerminationCount,19
L3Tip,Morphology,LeafLength,29
L3Tip,Morphology,LeafWidth,97
L3Tip,Morphology,MainSpikeLength,4
L3Tip,Morphology,MiddleLeafAngle,25
L3Tip,Morphology,NIROil,16
L3Tip,Morphology,NIRProtein,31
L3Tip,Morphology,NIRStarch,13
L3Tip,Morphology,NumberofTilleringPlants,37
L3Tip,Morphology,PlantHeight,48
L3Tip,Morphology,RowQuality,73
L3Tip,Morphology,SecondaryBranchNumber,56
L3Tip,Morphology,SeedSetLength,11
L3Tip,Morphology,SouthernLeafBlight,2
L3Tip,Morphology,Spikelets.MainSpike,32
L3Tip,Morphology,Spikelets.PrimaryBranch,36
L3Tip,Morphology,StandCount,10
L3Tip,Morphology,TasselBranchLength,12
L3Tip,Morphology,TasselLength,30
L3Tip,Morphology,TasselPrimaryBranches,18
L3Tip,Morphology,TilleringIndex,22
L3Tip,Morphology,TotalKernelNum,13
L3Tip,Morphology,TotalKernelVolume,8
L3Tip,Morphology,TotalSeedWeight,31
L3Tip,Morphology,UpperLeafAngle,8
L3Tip,Morphology,X20KernelWeight,17
LMAD,Metabolite,X.1001..phenethylamine..13.742,13
LMAD,Metabolite,X.1060..pyruvic.acid..6.714,15
LMAD,Metabolite,X.119..gamma.aminobutyric.acid..GABA...13.326,16
LMAD,Metabolite,X.12647..L.homoserine.2..12.359,43
LMAD,Metabolite,X.128869..galactonic.acid.2..18.504,38
LMAD,Metabolite,X.1549111..caffeic.acid..19.755,20
LMAD,Metabolite,X.204..allantoin.1..17.293,5
LMAD,Metabolite,X.2116..alpha.tocophereol..27.379,19
LMAD,Metabolite,X.236..L.asparagine.2..14.984,48
LMAD,Metabolite,X.239..Beta..alanine..1..12.044,7
LMAD,Metabolite,X.2724705..1.6.anhydro.glucose..15.326,41
LMAD,Metabolite,X.3037582..mucic.acid..18.907,69
LMAD,Metabolite,X.311..citric.acid..16.615..s100,30
LMAD,Metabolite,X.33032..L.glutamic.acid.3..dehydrated...13.232..s100,3
LMAD,Metabolite,X.439183..3.phosphoglyceric.acid..16.504,30
LMAD,Metabolite,X.439194..glyceric.acid..10.735,30
LMAD,Metabolite,X.439242..Raffinose..29.282,55
LMAD,Metabolite,X.439451..galactinol.2..26.479,46
LMAD,Metabolite,X.439742..beta.cyano.L.alanine..11.288,19
LMAD,Metabolite,X.439958..D.glucose.6.phosphate.1..21.394,8
LMAD,Metabolite,X.444212..trans.aconitic.acid..15.842..s100,23
LMAD,Metabolite,X.444266..maleic.acid..10.323,12
LMAD,Metabolite,X.444972..fumaric.acid..10.94,31
LMAD,Metabolite,X.448388..D.allose.1..17.278,23
LMAD,Metabolite,X.51..alpha.ketoglutaric.acid..13.859,35
LMAD,Metabolite,X.5280450..linoleic.acid..20.399,39
LMAD,Metabolite,X.5321342..beta.sitosterol..28.848,42
LMAD,Metabolite,X.5321515..stigmasterol..28.442,27
LMAD,Metabolite,X.5460407..threonic.acid..13.652,81
LMAD,Metabolite,X.5460673..D.saccharic.acid..18.614,17
LMAD,Metabolite,X.5460935..turanose.1..24.81,13
LMAD,Metabolite,X.5810..trans.4.hydroxy.L.proline.2..13.267,16
LMAD,Metabolite,X.5951..L.serine.2..11.174..s100,50
LMAD,Metabolite,X.5960..aspartic.acid.2..13.207,12
LMAD,Metabolite,X.5962..L.lysine.2..17.643,20
LMAD,Metabolite,X.5984..fructose.1..17.18..s100,12
LMAD,Metabolite,X.5988..Sucrose..23.988..s100,31
LMAD,Metabolite,X.6057..tyrosine.2..17.871,22
LMAD,Metabolite,X.60961..adenosine..23.825,30
LMAD,Metabolite,X.6106..L.leucine.2..9.945,16
LMAD,Metabolite,X.6255..maltose..2..24.915,58
LMAD,Metabolite,X.6255..maltose.1..24.702,9
LMAD,Metabolite,X.6262..L.ornithine.2..16.632,3
LMAD,Metabolite,X.6287..L.valine.2..9.151,33
LMAD,Metabolite,X.6288..L.threonine.2..11.464,17
LMAD,Metabolite,X.637542..4.hydroxycinnamic.acid..17.854,26
LMAD,Metabolite,X.637775..3.5.dimethoxy.4.hydroxycinnamic.acid.2..20.65,18
LMAD,Metabolite,X.642609..trans.caftaric.acid.2..25.529,55
LMAD,Metabolite,X.6508..quinic.acid..17.076..s100,31
LMAD,Metabolite,X.6537496..chlorogenic.acid.1..26.37,34
LMAD,Metabolite,X.6537496..chlorogenic.acid.2..27.18._alt,15
LMAD,Metabolite,X.6537496..chlorogenic.acid.2..27.18..s100,12
LMAD,Metabolite,X.6912..xylitol..15.376,6
LMAD,Metabolite,X.700..ethanolamine..9.879,30
LMAD,Metabolite,X.738..L.glutamine.2..14.083,3
LMAD,Metabolite,X.750..glycine..10.456..s100,5
LMAD,Metabolite,X.754..glycerol.1.phosphate..16.056,36
LMAD,Metabolite,X.791..DL.isoleucine.2..10.225,53
LMAD,Metabolite,X.827..ribitol..15.66,34
LMAD,Metabolite,X.835..dehydroascorbic.acid..1..16.863,48
LMAD,Metabolite,X.8742..shikimic.acid..16.433..s100,50
LMAD,Metabolite,X.892..myo.inositol..19.354..s100,16
LMAD,Metabolite,X.92824..D.malic.acid..12.794..s100,12
LMAD,Metabolite,X.938..nicotinic.acid..10.27,3
LMAD,Metabolite,X.971..oxalic.acid..7.883,8
LMAD,Metabolite,X.9750..citrulline.2..16.691,24
LMAD,Morphology,AnthesistoSilkInterval,34
LMAD,Morphology,CobDiameter,36
LMAD,Morphology,CobWeight,19
LMAD,Morphology,DaystoSilk,1
LMAD,Morphology,DaysToTassel,7
LMAD,Morphology,EarDiameter,22
LMAD,Morphology,EarHeight,12
LMAD,Morphology,EarLength,27
LMAD,Morphology,EarRankNumber,23
LMAD,Morphology,EarRowNumber,45
LMAD,Morphology,EarWeight,8
LMAD,Morphology,GDDAnthesis.SilkingInterval,33
LMAD,Morphology,GDDDaystoSilk,2
LMAD,Morphology,GDDDaystoTassel,2
LMAD,Morphology,GerminationCount,33
LMAD,Morphology,LeafLength,17
LMAD,Morphology,LeafWidth,48
LMAD,Morphology,MainSpikeLength,100
LMAD,Morphology,MiddleLeafAngle,15
LMAD,Morphology,NIROil,24
LMAD,Morphology,NIRProtein,11
LMAD,Morphology,NIRStarch,2
LMAD,Morphology,NumberofTilleringPlants,32
LMAD,Morphology,PlantHeight,72
LMAD,Morphology,RowQuality,11
LMAD,Morphology,SecondaryBranchNumber,73
LMAD,Morphology,SeedSetLength,46
LMAD,Morphology,SouthernLeafBlight,29
LMAD,Morphology,Spikelets.MainSpike,45
LMAD,Morphology,Spikelets.PrimaryBranch,16
LMAD,Morphology,StandCount,20
LMAD,Morphology,TasselBranchLength,11
LMAD,Morphology,TasselLength,32
LMAD,Morphology,TasselPrimaryBranches,39
LMAD,Morphology,TilleringIndex,13
LMAD,Morphology,TotalKernelNum,23
LMAD,Morphology,TotalKernelVolume,33
LMAD,Morphology,TotalSeedWeight,15
LMAD,Morphology,UpperLeafAngle,12
LMAD,Morphology,X20KernelWeight,18
LMAN,Metabolite,X.1001..phenethylamine..13.742,16
LMAN,Metabolite,X.1060..pyruvic.acid..6.714,19
LMAN,Metabolite,X.119..gamma.aminobutyric.acid..GABA...13.326,40
LMAN,Metabolite,X.12647..L.homoserine.2..12.359,16
LMAN,Metabolite,X.128869..galactonic.acid.2..18.504,3
LMAN,Metabolite,X.1549111..caffeic.acid..19.755,18
LMAN,Metabolite,X.204..allantoin.1..17.293,22
LMAN,Metabolite,X.2116..alpha.tocophereol..27.379,28
LMAN,Metabolite,X.236..L.asparagine.2..14.984,17
LMAN,Metabolite,X.239..Beta..alanine..1..12.044,11
LMAN,Metabolite,X.2724705..1.6.anhydro.glucose..15.326,14
LMAN,Metabolite,X.3037582..mucic.acid..18.907,5
LMAN,Metabolite,X.311..citric.acid..16.615..s100,42
LMAN,Metabolite,X.33032..L.glutamic.acid.3..dehydrated...13.232..s100,21
LMAN,Metabolite,X.439183..3.phosphoglyceric.acid..16.504,33
LMAN,Metabolite,X.439194..glyceric.acid..10.735,14
LMAN,Metabolite,X.439242..Raffinose..29.282,62
LMAN,Metabolite,X.439451..galactinol.2..26.479,10
LMAN,Metabolite,X.439742..beta.cyano.L.alanine..11.288,19
LMAN,Metabolite,X.439958..D.glucose.6.phosphate.1..21.394,44
LMAN,Metabolite,X.444212..trans.aconitic.acid..15.842..s100,94
LMAN,Metabolite,X.444266..maleic.acid..10.323,17
LMAN,Metabolite,X.444972..fumaric.acid..10.94,33
LMAN,Metabolite,X.448388..D.allose.1..17.278,10
LMAN,Metabolite,X.51..alpha.ketoglutaric.acid..13.859,23
LMAN,Metabolite,X.5280450..linoleic.acid..20.399,21
LMAN,Metabolite,X.5321342..beta.sitosterol..28.848,6
LMAN,Metabolite,X.5321515..stigmasterol..28.442,68
LMAN,Metabolite,X.5460407..threonic.acid..13.652,28
LMAN,Metabolite,X.5460673..D.saccharic.acid..18.614,35
LMAN,Metabolite,X.5460935..turanose.1..24.81,6
LMAN,Metabolite,X.5810..trans.4.hydroxy.L.proline.2..13.267,64
LMAN,Metabolite,X.5951..L.serine.2..11.174..s100,4
LMAN,Metabolite,X.5960..aspartic.acid.2..13.207,11
LMAN,Metabolite,X.5962..L.lysine.2..17.643,24
LMAN,Metabolite,X.5984..fructose.1..17.18..s100,26
LMAN,Metabolite,X.5988..Sucrose..23.988..s100,17
LMAN,Metabolite,X.6057..tyrosine.2..17.871,7
LMAN,Metabolite,X.60961..adenosine..23.825,15
LMAN,Metabolite,X.6106..L.leucine.2..9.945,13
LMAN,Metabolite,X.6255..maltose..2..24.915,51
LMAN,Metabolite,X.6262..L.ornithine.2..16.632,7
LMAN,Metabolite,X.6287..L.valine.2..9.151,32
LMAN,Metabolite,X.6288..L.threonine.2..11.464,9
LMAN,Metabolite,X.637542..4.hydroxycinnamic.acid..17.854,29
LMAN,Metabolite,X.637775..3.5.dimethoxy.4.hydroxycinnamic.acid.2..20.65,45
LMAN,Metabolite,X.642609..trans.caftaric.acid.2..25.529,33
LMAN,Metabolite,X.6508..quinic.acid..17.076..s100,22
LMAN,Metabolite,X.6537496..chlorogenic.acid.1..26.37,3
LMAN,Metabolite,X.6537496..chlorogenic.acid.2..27.18._alt,9
LMAN,Metabolite,X.6537496..chlorogenic.acid.2..27.18..s100,20
LMAN,Metabolite,X.6912..xylitol..15.376,2
LMAN,Metabolite,X.700..ethanolamine..9.879,14
LMAN,Metabolite,X.738..L.glutamine.2..14.083,21
LMAN,Metabolite,X.750..glycine..10.456..s100,12
LMAN,Metabolite,X.754..glycerol.1.phosphate..16.056,5
LMAN,Metabolite,X.791..DL.isoleucine.2..10.225,9
LMAN,Metabolite,X.827..ribitol..15.66,2
LMAN,Metabolite,X.835..dehydroascorbic.acid..1..16.863,14
LMAN,Metabolite,X.8742..shikimic.acid..16.433..s100,47
LMAN,Metabolite,X.892..myo.inositol..19.354..s100,26
LMAN,Metabolite,X.92824..D.malic.acid..12.794..s100,27
LMAN,Metabolite,X.938..nicotinic.acid..10.27,94
LMAN,Metabolite,X.971..oxalic.acid..7.883,18
LMAN,Metabolite,X.9750..citrulline.2..16.691,23
LMAN,Morphology,AnthesistoSilkInterval,21
LMAN,Morphology,CobDiameter,10
LMAN,Morphology,CobWeight,8
LMAN,Morphology,DaystoSilk,30
LMAN,Morphology,DaysToTassel,22
LMAN,Morphology,EarDiameter,19
LMAN,Morphology,EarHeight,24
LMAN,Morphology,EarLength,15
LMAN,Morphology,EarRankNumber,51
LMAN,Morphology,EarRowNumber,54
LMAN,Morphology,EarWeight,13
LMAN,Morphology,GDDAnthesis.SilkingInterval,28
LMAN,Morphology,GDDDaystoSilk,10
LMAN,Morphology,GDDDaystoTassel,19
LMAN,Morphology,GerminationCount,38
LMAN,Morphology,LeafLength,14
LMAN,Morphology,LeafWidth,61
LMAN,Morphology,MainSpikeLength,18
LMAN,Morphology,MiddleLeafAngle,15
LMAN,Morphology,NIROil,23
LMAN,Morphology,NIRProtein,13
LMAN,Morphology,NIRStarch,5
LMAN,Morphology,NumberofTilleringPlants,52
LMAN,Morphology,PlantHeight,6
LMAN,Morphology,RowQuality,29
LMAN,Morphology,SecondaryBranchNumber,11
LMAN,Morphology,SeedSetLength,12
LMAN,Morphology,SouthernLeafBlight,19
LMAN,Morphology,Spikelets.MainSpike,15
LMAN,Morphology,Spikelets.PrimaryBranch,7
LMAN,Morphology,StandCount,20
LMAN,Morphology,TasselBranchLength,14
LMAN,Morphology,TasselLength,14
LMAN,Morphology,TasselPrimaryBranches,15
LMAN,Morphology,TilleringIndex,11
LMAN,Morphology,TotalKernelNum,29
LMAN,Morphology,TotalKernelVolume,20
LMAN,Morphology,TotalSeedWeight,17
LMAN,Morphology,UpperLeafAngle,24
LMAN,Morphology,X20KernelWeight,21
GRoot,Microbiome,T1_stdN,22
GRoot,Microbiome,T10_stdN,2
GRoot,Microbiome,T100_stdN,30
GRoot,Microbiome,T101_stdN,44
GRoot,Microbiome,T103_stdN,10
GRoot,Microbiome,T104_stdN,19
GRoot,Microbiome,T106_stdN,6
GRoot,Microbiome,T107_stdN,13
GRoot,Microbiome,T108_stdN,23
GRoot,Microbiome,T109_stdN,21
GRoot,Microbiome,T11_stdN,20
GRoot,Microbiome,T110_stdN,6
GRoot,Microbiome,T111_stdN,16
GRoot,Microbiome,T113_stdN,1
GRoot,Microbiome,T115_stdN,15
GRoot,Microbiome,T117_stdN,9
GRoot,Microbiome,T118_stdN,12
GRoot,Microbiome,T12_stdN,3
GRoot,Microbiome,T120_stdN,23
GRoot,Microbiome,T121_stdN,15
GRoot,Microbiome,T122_stdN,15
GRoot,Microbiome,T123_stdN,20
GRoot,Microbiome,T124_stdN,31
GRoot,Microbiome,T125_stdN,15
GRoot,Microbiome,T126_stdN,22
GRoot,Microbiome,T127_stdN,2
GRoot,Microbiome,T129_stdN,9
GRoot,Microbiome,T13_stdN,55
GRoot,Microbiome,T130_stdN,12
GRoot,Microbiome,T131_stdN,9
GRoot,Microbiome,T133_stdN,17
GRoot,Microbiome,T134_stdN,14
GRoot,Microbiome,T136_stdN,18
GRoot,Microbiome,T137_stdN,18
GRoot,Microbiome,T138_stdN,11
GRoot,Microbiome,T139_stdN,9
GRoot,Microbiome,T140_stdN,22
GRoot,Microbiome,T142_stdN,38
GRoot,Microbiome,T143_stdN,71
GRoot,Microbiome,T144_stdN,50
GRoot,Microbiome,T145_stdN,22
GRoot,Microbiome,T146_stdN,13
GRoot,Microbiome,T148_stdN,4
GRoot,Microbiome,T149_stdN,15
GRoot,Microbiome,T15_stdN,69
GRoot,Microbiome,T150_stdN,15
GRoot,Microbiome,T16_stdN,6
GRoot,Microbiome,T17_stdN,12
GRoot,Microbiome,T18_stdN,13
GRoot,Microbiome,T19_stdN,12
GRoot,Microbiome,T20_stdN,8
GRoot,Microbiome,T22_stdN,23
GRoot,Microbiome,T23_stdN,20
GRoot,Microbiome,T24_stdN,45
GRoot,Microbiome,T25_stdN,18
GRoot,Microbiome,T26_stdN,5
GRoot,Microbiome,T27_stdN,69
GRoot,Microbiome,T28_stdN,31
GRoot,Microbiome,T3_stdN,80
GRoot,Microbiome,T30_stdN,17
GRoot,Microbiome,T31_stdN,14
GRoot,Microbiome,T32_stdN,20
GRoot,Microbiome,T33_stdN,18
GRoot,Microbiome,T34_stdN,21
GRoot,Microbiome,T35_stdN,5
GRoot,Microbiome,T36_stdN,24
GRoot,Microbiome,T37_stdN,5
GRoot,Microbiome,T38_stdN,16
GRoot,Microbiome,T4_stdN,6
GRoot,Microbiome,T40_stdN,2
GRoot,Microbiome,T41_stdN,16
GRoot,Microbiome,T42_stdN,5
GRoot,Microbiome,T44_stdN,2
GRoot,Microbiome,T45_stdN,8
GRoot,Microbiome,T47_stdN,27
GRoot,Microbiome,T48_stdN,20
GRoot,Microbiome,T49_stdN,4
GRoot,Microbiome,T5_stdN,16
GRoot,Microbiome,T50_stdN,8
GRoot,Microbiome,T51_stdN,13
GRoot,Microbiome,T52_stdN,18
GRoot,Microbiome,T53_stdN,19
GRoot,Microbiome,T54_stdN,12
GRoot,Microbiome,T55_stdN,20
GRoot,Microbiome,T56_stdN,11
GRoot,Microbiome,T57_stdN,24
GRoot,Microbiome,T58_stdN,10
GRoot,Microbiome,T59_stdN,36
GRoot,Microbiome,T6_stdN,1
GRoot,Microbiome,T60_stdN,23
GRoot,Microbiome,T61_stdN,15
GRoot,Microbiome,T62_stdN,52
GRoot,Microbiome,T63_stdN,23
GRoot,Microbiome,T64_stdN,1
GRoot,Microbiome,T65_stdN,1
GRoot,Microbiome,T66_stdN,4
GRoot,Microbiome,T67_stdN,17
GRoot,Microbiome,T68_stdN,1
GRoot,Microbiome,T69_stdN,10
GRoot,Microbiome,T70_stdN,2
GRoot,Microbiome,T71_stdN,16
GRoot,Microbiome,T72_stdN,21
GRoot,Microbiome,T73_stdN,36
GRoot,Microbiome,T74_stdN,16
GRoot,Microbiome,T76_stdN,1
GRoot,Microbiome,T77_stdN,10
GRoot,Microbiome,T79_stdN,10
GRoot,Microbiome,T8_stdN,14
GRoot,Microbiome,T80_stdN,21
GRoot,Microbiome,T81_stdN,13
GRoot,Microbiome,T82_stdN,19
GRoot,Microbiome,T83_stdN,15
GRoot,Microbiome,T84_stdN,15
GRoot,Microbiome,T86_stdN,22
GRoot,Microbiome,T87_stdN,59
GRoot,Microbiome,T88_stdN,3
GRoot,Microbiome,T89_stdN,5
GRoot,Microbiome,T90_stdN,2
GRoot,Microbiome,T93_stdN,4
GRoot,Microbiome,T94_stdN,33
GRoot,Microbiome,T95_stdN,10
GRoot,Microbiome,T96_stdN,30
GRoot,Microbiome,T97_stdN,5
GRoot,Microbiome,T98_stdN,10
GRoot,Microbiome,T99_stdN,4
GShoot,Microbiome,T1_stdN,10
GShoot,Microbiome,T10_stdN,50
GShoot,Microbiome,T100_stdN,17
GShoot,Microbiome,T101_stdN,8
GShoot,Microbiome,T103_stdN,20
GShoot,Microbiome,T104_stdN,24
GShoot,Microbiome,T106_stdN,6
GShoot,Microbiome,T108_stdN,11
GShoot,Microbiome,T109_stdN,6
GShoot,Microbiome,T11_stdN,26
GShoot,Microbiome,T110_stdN,18
GShoot,Microbiome,T111_stdN,15
GShoot,Microbiome,T113_stdN,22
GShoot,Microbiome,T115_stdN,2
GShoot,Microbiome,T118_stdN,3
GShoot,Microbiome,T12_stdN,14
GShoot,Microbiome,T120_stdN,3
GShoot,Microbiome,T121_stdN,6
GShoot,Microbiome,T122_stdN,18
GShoot,Microbiome,T123_stdN,1
GShoot,Microbiome,T124_stdN,16
GShoot,Microbiome,T125_stdN,7
GShoot,Microbiome,T126_stdN,23
GShoot,Microbiome,T128_stdN,17
GShoot,Microbiome,T129_stdN,22
GShoot,Microbiome,T13_stdN,23
GShoot,Microbiome,T130_stdN,14
GShoot,Microbiome,T131_stdN,11
GShoot,Microbiome,T133_stdN,8
GShoot,Microbiome,T134_stdN,10
GShoot,Microbiome,T136_stdN,2
GShoot,Microbiome,T137_stdN,21
GShoot,Microbiome,T138_stdN,6
GShoot,Microbiome,T139_stdN,21
GShoot,Microbiome,T14_stdN,2
GShoot,Microbiome,T140_stdN,3
GShoot,Microbiome,T142_stdN,8
GShoot,Microbiome,T143_stdN,26
GShoot,Microbiome,T144_stdN,8
GShoot,Microbiome,T145_stdN,8
GShoot,Microbiome,T146_stdN,14
GShoot,Microbiome,T147_stdN,17
GShoot,Microbiome,T148_stdN,37
GShoot,Microbiome,T15_stdN,3
GShoot,Microbiome,T150_stdN,9
GShoot,Microbiome,T17_stdN,33
GShoot,Microbiome,T18_stdN,12
GShoot,Microbiome,T20_stdN,4
GShoot,Microbiome,T21_stdN,2
GShoot,Microbiome,T22_stdN,6
GShoot,Microbiome,T23_stdN,22
GShoot,Microbiome,T24_stdN,7
GShoot,Microbiome,T25_stdN,11
GShoot,Microbiome,T26_stdN,13
GShoot,Microbiome,T27_stdN,11
GShoot,Microbiome,T28_stdN,18
GShoot,Microbiome,T3_stdN,15
GShoot,Microbiome,T30_stdN,12
GShoot,Microbiome,T31_stdN,1
GShoot,Microbiome,T32_stdN,2
GShoot,Microbiome,T33_stdN,8
GShoot,Microbiome,T34_stdN,23
GShoot,Microbiome,T35_stdN,15
GShoot,Microbiome,T36_stdN,19
GShoot,Microbiome,T37_stdN,16
GShoot,Microbiome,T38_stdN,10
GShoot,Microbiome,T39_stdN,8
GShoot,Microbiome,T41_stdN,14
GShoot,Microbiome,T42_stdN,26
GShoot,Microbiome,T44_stdN,37
GShoot,Microbiome,T45_stdN,15
GShoot,Microbiome,T48_stdN,23
GShoot,Microbiome,T49_stdN,9
GShoot,Microbiome,T5_stdN,11
GShoot,Microbiome,T50_stdN,17
GShoot,Microbiome,T51_stdN,13
GShoot,Microbiome,T52_stdN,3
GShoot,Microbiome,T53_stdN,14
GShoot,Microbiome,T54_stdN,7
GShoot,Microbiome,T55_stdN,13
GShoot,Microbiome,T56_stdN,28
GShoot,Microbiome,T58_stdN,7
GShoot,Microbiome,T59_stdN,2
GShoot,Microbiome,T6_stdN,8
GShoot,Microbiome,T61_stdN,12
GShoot,Microbiome,T62_stdN,19
GShoot,Microbiome,T65_stdN,2
GShoot,Microbiome,T66_stdN,8
GShoot,Microbiome,T67_stdN,53
GShoot,Microbiome,T68_stdN,33
GShoot,Microbiome,T69_stdN,57
GShoot,Microbiome,T70_stdN,28
GShoot,Microbiome,T71_stdN,18
GShoot,Microbiome,T72_stdN,17
GShoot,Microbiome,T73_stdN,14
GShoot,Microbiome,T74_stdN,21
GShoot,Microbiome,T76_stdN,26
GShoot,Microbiome,T79_stdN,8
GShoot,Microbiome,T8_stdN,5
GShoot,Microbiome,T80_stdN,6
GShoot,Microbiome,T81_stdN,16
GShoot,Microbiome,T82_stdN,4
GShoot,Microbiome,T83_stdN,15
GShoot,Microbiome,T84_stdN,9
GShoot,Microbiome,T86_stdN,21
GShoot,Microbiome,T87_stdN,36
GShoot,Microbiome,T88_stdN,7
GShoot,Microbiome,T90_stdN,1
GShoot,Microbiome,T91_stdN,4
GShoot,Microbiome,T93_stdN,7
GShoot,Microbiome,T94_stdN,12
GShoot,Microbiome,T95_stdN,4
GShoot,Microbiome,T96_stdN,13
GShoot,Microbiome,T97_stdN,17
GShoot,Microbiome,T98_stdN,10
Kern,Microbiome,T10_stdN,21
Kern,Microbiome,T100_stdN,36
Kern,Microbiome,T101_stdN,12
Kern,Microbiome,T103_stdN,17
Kern,Microbiome,T106_stdN,8
Kern,Microbiome,T107_stdN,13
Kern,Microbiome,T108_stdN,14
Kern,Microbiome,T109_stdN,5
Kern,Microbiome,T11_stdN,9
Kern,Microbiome,T110_stdN,6
Kern,Microbiome,T111_stdN,13
Kern,Microbiome,T113_stdN,36
Kern,Microbiome,T115_stdN,1
Kern,Microbiome,T117_stdN,11
Kern,Microbiome,T118_stdN,8
Kern,Microbiome,T12_stdN,9
Kern,Microbiome,T120_stdN,3
Kern,Microbiome,T121_stdN,3
Kern,Microbiome,T123_stdN,74
Kern,Microbiome,T124_stdN,34
Kern,Microbiome,T125_stdN,4
Kern,Microbiome,T126_stdN,7
Kern,Microbiome,T127_stdN,9
Kern,Microbiome,T128_stdN,14
Kern,Microbiome,T129_stdN,3
Kern,Microbiome,T13_stdN,23
Kern,Microbiome,T130_stdN,30
Kern,Microbiome,T131_stdN,9
Kern,Microbiome,T134_stdN,4
Kern,Microbiome,T136_stdN,3
Kern,Microbiome,T137_stdN,7
Kern,Microbiome,T138_stdN,5
Kern,Microbiome,T139_stdN,22
Kern,Microbiome,T14_stdN,29
Kern,Microbiome,T140_stdN,12
Kern,Microbiome,T143_stdN,51
Kern,Microbiome,T145_stdN,30
Kern,Microbiome,T146_stdN,7
Kern,Microbiome,T148_stdN,1
Kern,Microbiome,T149_stdN,7
Kern,Microbiome,T15_stdN,14
Kern,Microbiome,T150_stdN,16
Kern,Microbiome,T16_stdN,6
Kern,Microbiome,T17_stdN,10
Kern,Microbiome,T18_stdN,27
Kern,Microbiome,T19_stdN,9
Kern,Microbiome,T20_stdN,18
Kern,Microbiome,T21_stdN,16
Kern,Microbiome,T22_stdN,8
Kern,Microbiome,T23_stdN,3
Kern,Microbiome,T25_stdN,12
Kern,Microbiome,T27_stdN,40
Kern,Microbiome,T28_stdN,3
Kern,Microbiome,T3_stdN,40
Kern,Microbiome,T31_stdN,9
Kern,Microbiome,T33_stdN,16
Kern,Microbiome,T34_stdN,44
Kern,Microbiome,T36_stdN,12
Kern,Microbiome,T37_stdN,5
Kern,Microbiome,T38_stdN,11
Kern,Microbiome,T4_stdN,7
Kern,Microbiome,T40_stdN,14
Kern,Microbiome,T41_stdN,12
Kern,Microbiome,T44_stdN,10
Kern,Microbiome,T45_stdN,6
Kern,Microbiome,T47_stdN,11
Kern,Microbiome,T48_stdN,7
Kern,Microbiome,T49_stdN,11
Kern,Microbiome,T5_stdN,19
Kern,Microbiome,T50_stdN,10
Kern,Microbiome,T51_stdN,19
Kern,Microbiome,T52_stdN,10
Kern,Microbiome,T53_stdN,10
Kern,Microbiome,T54_stdN,38
Kern,Microbiome,T56_stdN,9
Kern,Microbiome,T57_stdN,18
Kern,Microbiome,T58_stdN,7
Kern,Microbiome,T59_stdN,15
Kern,Microbiome,T60_stdN,33
Kern,Microbiome,T61_stdN,13
Kern,Microbiome,T62_stdN,4
Kern,Microbiome,T63_stdN,19
Kern,Microbiome,T64_stdN,42
Kern,Microbiome,T65_stdN,1
Kern,Microbiome,T66_stdN,22
Kern,Microbiome,T67_stdN,11
Kern,Microbiome,T68_stdN,16
Kern,Microbiome,T69_stdN,17
Kern,Microbiome,T71_stdN,22
Kern,Microbiome,T72_stdN,4
Kern,Microbiome,T73_stdN,16
Kern,Microbiome,T74_stdN,5
Kern,Microbiome,T76_stdN,16
Kern,Microbiome,T77_stdN,4
Kern,Microbiome,T79_stdN,4
Kern,Microbiome,T81_stdN,4
Kern,Microbiome,T82_stdN,13
Kern,Microbiome,T83_stdN,41
Kern,Microbiome,T84_stdN,18
Kern,Microbiome,T86_stdN,9
Kern,Microbiome,T87_stdN,4
Kern,Microbiome,T88_stdN,21
Kern,Microbiome,T89_stdN,1
Kern,Microbiome,T90_stdN,6
Kern,Microbiome,T91_stdN,4
Kern,Microbiome,T94_stdN,30
Kern,Microbiome,T95_stdN,10
Kern,Microbiome,T96_stdN,17
Kern,Microbiome,T97_stdN,38
Kern,Microbiome,T99_stdN,13
L3Base,Microbiome,T1_stdN,1
L3Base,Microbiome,T10_stdN,37
L3Base,Microbiome,T100_stdN,14
L3Base,Microbiome,T101_stdN,32
L3Base,Microbiome,T103_stdN,18
L3Base,Microbiome,T106_stdN,21
L3Base,Microbiome,T107_stdN,10
L3Base,Microbiome,T108_stdN,11
L3Base,Microbiome,T109_stdN,3
L3Base,Microbiome,T11_stdN,7
L3Base,Microbiome,T111_stdN,26
L3Base,Microbiome,T113_stdN,12
L3Base,Microbiome,T115_stdN,24
L3Base,Microbiome,T117_stdN,11
L3Base,Microbiome,T118_stdN,4
L3Base,Microbiome,T12_stdN,8
L3Base,Microbiome,T120_stdN,11
L3Base,Microbiome,T121_stdN,8
L3Base,Microbiome,T123_stdN,14
L3Base,Microbiome,T124_stdN,25
L3Base,Microbiome,T125_stdN,16
L3Base,Microbiome,T126_stdN,35
L3Base,Microbiome,T127_stdN,10
L3Base,Microbiome,T129_stdN,3
L3Base,Microbiome,T13_stdN,8
L3Base,Microbiome,T130_stdN,11
L3Base,Microbiome,T131_stdN,2
L3Base,Microbiome,T133_stdN,18
L3Base,Microbiome,T134_stdN,14
L3Base,Microbiome,T135_stdN,11
L3Base,Microbiome,T137_stdN,3
L3Base,Microbiome,T138_stdN,8
L3Base,Microbiome,T14_stdN,4
L3Base,Microbiome,T140_stdN,15
L3Base,Microbiome,T142_stdN,46
L3Base,Microbiome,T143_stdN,34
L3Base,Microbiome,T144_stdN,7
L3Base,Microbiome,T145_stdN,9
L3Base,Microbiome,T146_stdN,12
L3Base,Microbiome,T147_stdN,5
L3Base,Microbiome,T148_stdN,14
L3Base,Microbiome,T149_stdN,7
L3Base,Microbiome,T15_stdN,5
L3Base,Microbiome,T150_stdN,5
L3Base,Microbiome,T16_stdN,17
L3Base,Microbiome,T17_stdN,30
L3Base,Microbiome,T18_stdN,4
L3Base,Microbiome,T19_stdN,8
L3Base,Microbiome,T20_stdN,45
L3Base,Microbiome,T21_stdN,3
L3Base,Microbiome,T22_stdN,11
L3Base,Microbiome,T23_stdN,13
L3Base,Microbiome,T24_stdN,35
L3Base,Microbiome,T25_stdN,13
L3Base,Microbiome,T26_stdN,8
L3Base,Microbiome,T27_stdN,7
L3Base,Microbiome,T28_stdN,4
L3Base,Microbiome,T3_stdN,10
L3Base,Microbiome,T30_stdN,29
L3Base,Microbiome,T31_stdN,21
L3Base,Microbiome,T33_stdN,17
L3Base,Microbiome,T34_stdN,5
L3Base,Microbiome,T35_stdN,27
L3Base,Microbiome,T36_stdN,18
L3Base,Microbiome,T37_stdN,19
L3Base,Microbiome,T38_stdN,8
L3Base,Microbiome,T39_stdN,13
L3Base,Microbiome,T41_stdN,11
L3Base,Microbiome,T42_stdN,10
L3Base,Microbiome,T45_stdN,18
L3Base,Microbiome,T47_stdN,32
L3Base,Microbiome,T48_stdN,12
L3Base,Microbiome,T49_stdN,10
L3Base,Microbiome,T5_stdN,23
L3Base,Microbiome,T50_stdN,6
L3Base,Microbiome,T51_stdN,4
L3Base,Microbiome,T52_stdN,21
L3Base,Microbiome,T53_stdN,14
L3Base,Microbiome,T54_stdN,18
L3Base,Microbiome,T55_stdN,24
L3Base,Microbiome,T56_stdN,17
L3Base,Microbiome,T57_stdN,6
L3Base,Microbiome,T58_stdN,22
L3Base,Microbiome,T59_stdN,1
L3Base,Microbiome,T6_stdN,12
L3Base,Microbiome,T60_stdN,25
L3Base,Microbiome,T61_stdN,17
L3Base,Microbiome,T62_stdN,12
L3Base,Microbiome,T63_stdN,17
L3Base,Microbiome,T64_stdN,11
L3Base,Microbiome,T65_stdN,20
L3Base,Microbiome,T66_stdN,12
L3Base,Microbiome,T67_stdN,17
L3Base,Microbiome,T68_stdN,17
L3Base,Microbiome,T69_stdN,14
L3Base,Microbiome,T70_stdN,15
L3Base,Microbiome,T72_stdN,1
L3Base,Microbiome,T73_stdN,20
L3Base,Microbiome,T74_stdN,23
L3Base,Microbiome,T76_stdN,15
L3Base,Microbiome,T77_stdN,13
L3Base,Microbiome,T79_stdN,6
L3Base,Microbiome,T8_stdN,6
L3Base,Microbiome,T81_stdN,14
L3Base,Microbiome,T82_stdN,12
L3Base,Microbiome,T83_stdN,6
L3Base,Microbiome,T84_stdN,8
L3Base,Microbiome,T86_stdN,28
L3Base,Microbiome,T87_stdN,11
L3Base,Microbiome,T89_stdN,23
L3Base,Microbiome,T90_stdN,8
L3Base,Microbiome,T91_stdN,18
L3Base,Microbiome,T93_stdN,25
L3Base,Microbiome,T94_stdN,2
L3Base,Microbiome,T95_stdN,19
L3Base,Microbiome,T96_stdN,18
L3Base,Microbiome,T97_stdN,14
L3Base,Microbiome,T98_stdN,12
L3Base,Microbiome,T99_stdN,14
L3Tip,Microbiome,T1_stdN,24
L3Tip,Microbiome,T10_stdN,1
L3Tip,Microbiome,T100_stdN,14
L3Tip,Microbiome,T103_stdN,16
L3Tip,Microbiome,T107_stdN,1
L3Tip,Microbiome,T108_stdN,11
L3Tip,Microbiome,T109_stdN,6
L3Tip,Microbiome,T11_stdN,50
L3Tip,Microbiome,T110_stdN,10
L3Tip,Microbiome,T111_stdN,17
L3Tip,Microbiome,T113_stdN,22
L3Tip,Microbiome,T115_stdN,6
L3Tip,Microbiome,T117_stdN,3
L3Tip,Microbiome,T12_stdN,3
L3Tip,Microbiome,T120_stdN,15
L3Tip,Microbiome,T121_stdN,8
L3Tip,Microbiome,T122_stdN,9
L3Tip,Microbiome,T123_stdN,13
L3Tip,Microbiome,T124_stdN,21
L3Tip,Microbiome,T125_stdN,15
L3Tip,Microbiome,T126_stdN,21
L3Tip,Microbiome,T128_stdN,10
L3Tip,Microbiome,T129_stdN,25
L3Tip,Microbiome,T131_stdN,5
L3Tip,Microbiome,T133_stdN,16
L3Tip,Microbiome,T134_stdN,13
L3Tip,Microbiome,T135_stdN,4
L3Tip,Microbiome,T136_stdN,1
L3Tip,Microbiome,T137_stdN,10
L3Tip,Microbiome,T138_stdN,10
L3Tip,Microbiome,T139_stdN,4
L3Tip,Microbiome,T140_stdN,12
L3Tip,Microbiome,T142_stdN,7
L3Tip,Microbiome,T143_stdN,61
L3Tip,Microbiome,T144_stdN,1
L3Tip,Microbiome,T145_stdN,25
L3Tip,Microbiome,T146_stdN,22
L3Tip,Microbiome,T147_stdN,3
L3Tip,Microbiome,T148_stdN,21
L3Tip,Microbiome,T149_stdN,3
L3Tip,Microbiome,T150_stdN,25
L3Tip,Microbiome,T16_stdN,3
L3Tip,Microbiome,T17_stdN,23
L3Tip,Microbiome,T19_stdN,2
L3Tip,Microbiome,T20_stdN,42
L3Tip,Microbiome,T21_stdN,2
L3Tip,Microbiome,T23_stdN,10
L3Tip,Microbiome,T24_stdN,8
L3Tip,Microbiome,T25_stdN,22
L3Tip,Microbiome,T26_stdN,13
L3Tip,Microbiome,T27_stdN,13
L3Tip,Microbiome,T28_stdN,4
L3Tip,Microbiome,T3_stdN,15
L3Tip,Microbiome,T30_stdN,22
L3Tip,Microbiome,T31_stdN,22
L3Tip,Microbiome,T32_stdN,16
L3Tip,Microbiome,T33_stdN,2
L3Tip,Microbiome,T34_stdN,2
L3Tip,Microbiome,T37_stdN,16
L3Tip,Microbiome,T38_stdN,10
L3Tip,Microbiome,T39_stdN,3
L3Tip,Microbiome,T41_stdN,2
L3Tip,Microbiome,T44_stdN,17
L3Tip,Microbiome,T45_stdN,6
L3Tip,Microbiome,T47_stdN,52
L3Tip,Microbiome,T48_stdN,28
L3Tip,Microbiome,T49_stdN,14
L3Tip,Microbiome,T5_stdN,49
L3Tip,Microbiome,T50_stdN,13
L3Tip,Microbiome,T51_stdN,9
L3Tip,Microbiome,T52_stdN,5
L3Tip,Microbiome,T53_stdN,2
L3Tip,Microbiome,T54_stdN,28
L3Tip,Microbiome,T55_stdN,16
L3Tip,Microbiome,T56_stdN,1
L3Tip,Microbiome,T57_stdN,1
L3Tip,Microbiome,T58_stdN,3
L3Tip,Microbiome,T6_stdN,15
L3Tip,Microbiome,T60_stdN,56
L3Tip,Microbiome,T61_stdN,6
L3Tip,Microbiome,T62_stdN,5
L3Tip,Microbiome,T63_stdN,17
L3Tip,Microbiome,T64_stdN,44
L3Tip,Microbiome,T66_stdN,4
L3Tip,Microbiome,T67_stdN,12
L3Tip,Microbiome,T68_stdN,16
L3Tip,Microbiome,T69_stdN,1
L3Tip,Microbiome,T71_stdN,19
L3Tip,Microbiome,T72_stdN,17
L3Tip,Microbiome,T73_stdN,52
L3Tip,Microbiome,T74_stdN,17
L3Tip,Microbiome,T76_stdN,1
L3Tip,Microbiome,T77_stdN,18
L3Tip,Microbiome,T79_stdN,7
L3Tip,Microbiome,T8_stdN,18
L3Tip,Microbiome,T80_stdN,12
L3Tip,Microbiome,T82_stdN,6
L3Tip,Microbiome,T83_stdN,16
L3Tip,Microbiome,T84_stdN,9
L3Tip,Microbiome,T86_stdN,8
L3Tip,Microbiome,T87_stdN,12
L3Tip,Microbiome,T88_stdN,9
L3Tip,Microbiome,T89_stdN,33
L3Tip,Microbiome,T90_stdN,10
L3Tip,Microbiome,T91_stdN,20
L3Tip,Microbiome,T93_stdN,14
L3Tip,Microbiome,T94_stdN,28
L3Tip,Microbiome,T95_stdN,11
L3Tip,Microbiome,T96_stdN,5
L3Tip,Microbiome,T97_stdN,10
L3Tip,Microbiome,T98_stdN,11
L3Tip,Microbiome,T99_stdN,18
LMAD,Microbiome,T1_stdN,19
LMAD,Microbiome,T10_stdN,13
LMAD,Microbiome,T100_stdN,1
LMAD,Microbiome,T101_stdN,5
LMAD,Microbiome,T103_stdN,37
LMAD,Microbiome,T106_stdN,3
LMAD,Microbiome,T107_stdN,16
LMAD,Microbiome,T108_stdN,10
LMAD,Microbiome,T109_stdN,18
LMAD,Microbiome,T11_stdN,2
LMAD,Microbiome,T110_stdN,2
LMAD,Microbiome,T111_stdN,13
LMAD,Microbiome,T113_stdN,12
LMAD,Microbiome,T115_stdN,17
LMAD,Microbiome,T117_stdN,38
LMAD,Microbiome,T118_stdN,36
LMAD,Microbiome,T12_stdN,32
LMAD,Microbiome,T120_stdN,1
LMAD,Microbiome,T122_stdN,6
LMAD,Microbiome,T123_stdN,62
LMAD,Microbiome,T124_stdN,2
LMAD,Microbiome,T125_stdN,16
LMAD,Microbiome,T127_stdN,48
LMAD,Microbiome,T128_stdN,57
LMAD,Microbiome,T129_stdN,26
LMAD,Microbiome,T130_stdN,5
LMAD,Microbiome,T131_stdN,16
LMAD,Microbiome,T133_stdN,5
LMAD,Microbiome,T134_stdN,11
LMAD,Microbiome,T135_stdN,20
LMAD,Microbiome,T136_stdN,12
LMAD,Microbiome,T137_stdN,1
LMAD,Microbiome,T138_stdN,10
LMAD,Microbiome,T139_stdN,4
LMAD,Microbiome,T14_stdN,10
LMAD,Microbiome,T140_stdN,6
LMAD,Microbiome,T142_stdN,30
LMAD,Microbiome,T143_stdN,8
LMAD,Microbiome,T144_stdN,35
LMAD,Microbiome,T146_stdN,11
LMAD,Microbiome,T147_stdN,2
LMAD,Microbiome,T148_stdN,62
LMAD,Microbiome,T149_stdN,12
LMAD,Microbiome,T15_stdN,4
LMAD,Microbiome,T150_stdN,21
LMAD,Microbiome,T16_stdN,39
LMAD,Microbiome,T17_stdN,16
LMAD,Microbiome,T18_stdN,9
LMAD,Microbiome,T19_stdN,6
LMAD,Microbiome,T20_stdN,6
LMAD,Microbiome,T22_stdN,10
LMAD,Microbiome,T23_stdN,20
LMAD,Microbiome,T24_stdN,41
LMAD,Microbiome,T25_stdN,24
LMAD,Microbiome,T26_stdN,22
LMAD,Microbiome,T27_stdN,2
LMAD,Microbiome,T28_stdN,5
LMAD,Microbiome,T3_stdN,1
LMAD,Microbiome,T30_stdN,42
LMAD,Microbiome,T31_stdN,19
LMAD,Microbiome,T32_stdN,10
LMAD,Microbiome,T33_stdN,11
LMAD,Microbiome,T34_stdN,7
LMAD,Microbiome,T35_stdN,32
LMAD,Microbiome,T36_stdN,16
LMAD,Microbiome,T37_stdN,14
LMAD,Microbiome,T38_stdN,55
LMAD,Microbiome,T39_stdN,1
LMAD,Microbiome,T4_stdN,14
LMAD,Microbiome,T40_stdN,11
LMAD,Microbiome,T41_stdN,3
LMAD,Microbiome,T42_stdN,31
LMAD,Microbiome,T44_stdN,10
LMAD,Microbiome,T47_stdN,39
LMAD,Microbiome,T48_stdN,9
LMAD,Microbiome,T5_stdN,12
LMAD,Microbiome,T50_stdN,21
LMAD,Microbiome,T51_stdN,7
LMAD,Microbiome,T52_stdN,13
LMAD,Microbiome,T53_stdN,4
LMAD,Microbiome,T55_stdN,29
LMAD,Microbiome,T56_stdN,13
LMAD,Microbiome,T57_stdN,12
LMAD,Microbiome,T58_stdN,14
LMAD,Microbiome,T59_stdN,13
LMAD,Microbiome,T6_stdN,5
LMAD,Microbiome,T60_stdN,17
LMAD,Microbiome,T62_stdN,10
LMAD,Microbiome,T63_stdN,4
LMAD,Microbiome,T64_stdN,16
LMAD,Microbiome,T66_stdN,11
LMAD,Microbiome,T67_stdN,19
LMAD,Microbiome,T69_stdN,48
LMAD,Microbiome,T70_stdN,29
LMAD,Microbiome,T71_stdN,14
LMAD,Microbiome,T73_stdN,16
LMAD,Microbiome,T74_stdN,15
LMAD,Microbiome,T76_stdN,2
LMAD,Microbiome,T77_stdN,8
LMAD,Microbiome,T79_stdN,37
LMAD,Microbiome,T80_stdN,10
LMAD,Microbiome,T81_stdN,1
LMAD,Microbiome,T82_stdN,2
LMAD,Microbiome,T83_stdN,13
LMAD,Microbiome,T86_stdN,11
LMAD,Microbiome,T87_stdN,19
LMAD,Microbiome,T88_stdN,1
LMAD,Microbiome,T89_stdN,19
LMAD,Microbiome,T90_stdN,5
LMAD,Microbiome,T91_stdN,6
LMAD,Microbiome,T93_stdN,20
LMAD,Microbiome,T94_stdN,12
LMAD,Microbiome,T95_stdN,29
LMAD,Microbiome,T96_stdN,18
LMAD,Microbiome,T97_stdN,13
LMAD,Microbiome,T98_stdN,6
LMAD,Microbiome,T99_stdN,1
LMAN,Microbiome,T1_stdN,3
LMAN,Microbiome,T10_stdN,8
LMAN,Microbiome,T100_stdN,7
LMAN,Microbiome,T101_stdN,18
LMAN,Microbiome,T103_stdN,8
LMAN,Microbiome,T104_stdN,25
LMAN,Microbiome,T106_stdN,11
LMAN,Microbiome,T107_stdN,4
LMAN,Microbiome,T109_stdN,11
LMAN,Microbiome,T11_stdN,2
LMAN,Microbiome,T110_stdN,20
LMAN,Microbiome,T111_stdN,14
LMAN,Microbiome,T113_stdN,4
LMAN,Microbiome,T115_stdN,20
LMAN,Microbiome,T117_stdN,5
LMAN,Microbiome,T12_stdN,10
LMAN,Microbiome,T120_stdN,13
LMAN,Microbiome,T121_stdN,10
LMAN,Microbiome,T122_stdN,12
LMAN,Microbiome,T123_stdN,4
LMAN,Microbiome,T124_stdN,25
LMAN,Microbiome,T125_stdN,12
LMAN,Microbiome,T126_stdN,5
LMAN,Microbiome,T127_stdN,2
LMAN,Microbiome,T128_stdN,6
LMAN,Microbiome,T129_stdN,6
LMAN,Microbiome,T13_stdN,24
LMAN,Microbiome,T130_stdN,9
LMAN,Microbiome,T131_stdN,6
LMAN,Microbiome,T134_stdN,14
LMAN,Microbiome,T136_stdN,8
LMAN,Microbiome,T137_stdN,18
LMAN,Microbiome,T138_stdN,3
LMAN,Microbiome,T139_stdN,20
LMAN,Microbiome,T14_stdN,23
LMAN,Microbiome,T142_stdN,14
LMAN,Microbiome,T143_stdN,4
LMAN,Microbiome,T144_stdN,15
LMAN,Microbiome,T145_stdN,3
LMAN,Microbiome,T147_stdN,1
LMAN,Microbiome,T148_stdN,1
LMAN,Microbiome,T149_stdN,3
LMAN,Microbiome,T15_stdN,13
LMAN,Microbiome,T16_stdN,4
LMAN,Microbiome,T20_stdN,4
LMAN,Microbiome,T21_stdN,11
LMAN,Microbiome,T23_stdN,17
LMAN,Microbiome,T24_stdN,53
LMAN,Microbiome,T25_stdN,4
LMAN,Microbiome,T26_stdN,12
LMAN,Microbiome,T27_stdN,25
LMAN,Microbiome,T3_stdN,16
LMAN,Microbiome,T30_stdN,30
LMAN,Microbiome,T31_stdN,33
LMAN,Microbiome,T32_stdN,9
LMAN,Microbiome,T33_stdN,4
LMAN,Microbiome,T34_stdN,26
LMAN,Microbiome,T35_stdN,16
LMAN,Microbiome,T36_stdN,9
LMAN,Microbiome,T37_stdN,10
LMAN,Microbiome,T38_stdN,13
LMAN,Microbiome,T39_stdN,13
LMAN,Microbiome,T40_stdN,7
LMAN,Microbiome,T41_stdN,18
LMAN,Microbiome,T42_stdN,2
LMAN,Microbiome,T44_stdN,5
LMAN,Microbiome,T45_stdN,20
LMAN,Microbiome,T47_stdN,9
LMAN,Microbiome,T48_stdN,19
LMAN,Microbiome,T5_stdN,3
LMAN,Microbiome,T50_stdN,17
LMAN,Microbiome,T51_stdN,4
LMAN,Microbiome,T52_stdN,3
LMAN,Microbiome,T53_stdN,22
LMAN,Microbiome,T54_stdN,15
LMAN,Microbiome,T55_stdN,13
LMAN,Microbiome,T56_stdN,26
LMAN,Microbiome,T57_stdN,3
LMAN,Microbiome,T59_stdN,2
LMAN,Microbiome,T60_stdN,29
LMAN,Microbiome,T61_stdN,17
LMAN,Microbiome,T62_stdN,1
LMAN,Microbiome,T63_stdN,14
LMAN,Microbiome,T65_stdN,7
LMAN,Microbiome,T66_stdN,11
LMAN,Microbiome,T68_stdN,18
LMAN,Microbiome,T69_stdN,40
LMAN,Microbiome,T70_stdN,25
LMAN,Microbiome,T71_stdN,19
LMAN,Microbiome,T73_stdN,18
LMAN,Microbiome,T74_stdN,14
LMAN,Microbiome,T76_stdN,6
LMAN,Microbiome,T77_stdN,12
LMAN,Microbiome,T79_stdN,19
LMAN,Microbiome,T8_stdN,11
LMAN,Microbiome,T81_stdN,2
LMAN,Microbiome,T82_stdN,14
LMAN,Microbiome,T83_stdN,8
LMAN,Microbiome,T84_stdN,12
LMAN,Microbiome,T86_stdN,44
LMAN,Microbiome,T87_stdN,14
LMAN,Microbiome,T88_stdN,6
LMAN,Microbiome,T89_stdN,23
LMAN,Microbiome,T90_stdN,8
LMAN,Microbiome,T93_stdN,22
LMAN,Microbiome,T94_stdN,55
LMAN,Microbiome,T95_stdN,10
LMAN,Microbiome,T96_stdN,10
LMAN,Microbiome,T97_stdN,3
LMAN,Microbiome,T98_stdN,3
LMAN,Microbiome,T99_stdN,21
