tissue,type,medi,V1
Germinating Root,Metabolite,AC148152.3_FG001,274
Germinating Root,Metabolite,AC148167.6_FG001,1
Germinating Root,Metabolite,AC193598.3_FG002,26
Germinating Root,Metabolite,AC195340.3_FG001,110
Germinating Root,Metabolite,AC207265.3_FG002,14
Germinating Root,Metabolite,AC231747.1_FG001,5
Germinating Root,Metabolite,GRMZM2G001592,12
Germinating Root,Metabolite,GRMZM2G002297,9
Germinating Root,Metabolite,GRMZM2G004736,6
Germinating Root,Metabolite,GRMZM2G009208,8
Germinating Root,Metabolite,GRMZM2G010433,30
Germinating Root,Metabolite,GRMZM2G015280,5
Germinating Root,Metabolite,GRMZM2G015804,4
Germinating Root,Metabolite,GRMZM2G016948,30
Germinating Root,Metabolite,GRMZM2G027479,21
Germinating Root,Metabolite,GRMZM2G029922,8
Germinating Root,Metabolite,GRMZM2G033829,1
Germinating Root,Metabolite,GRMZM2G035933,8
Germinating Root,Metabolite,GRMZM2G037209,40
Germinating Root,Metabolite,GRMZM2G039900,10
Germinating Root,Metabolite,GRMZM2G042099,9
Germinating Root,Metabolite,GRMZM2G043238,59
Germinating Root,Metabolite,GRMZM2G043632,2
Germinating Root,Metabolite,GRMZM2G044377,3
Germinating Root,Metabolite,GRMZM2G045688,8
Germinating Root,Metabolite,GRMZM2G047590,10
Germinating Root,Metabolite,GRMZM2G056572,2
Germinating Root,Metabolite,GRMZM2G061922,15
Germinating Root,Metabolite,GRMZM2G069694,2
Germinating Root,Metabolite,GRMZM2G070087,12
Germinating Root,Metabolite,GRMZM2G070211,21
Germinating Root,Metabolite,GRMZM2G076410,12
Germinating Root,Metabolite,GRMZM2G090266,3
Germinating Root,Metabolite,GRMZM2G094017,1
Germinating Root,Metabolite,GRMZM2G098187,5
Germinating Root,Metabolite,GRMZM2G101613,8
Germinating Root,Metabolite,GRMZM2G103512,14
Germinating Root,Metabolite,GRMZM2G105085,18
Germinating Root,Metabolite,GRMZM2G105207,16
Germinating Root,Metabolite,GRMZM2G106790,15
Germinating Root,Metabolite,GRMZM2G107199,6
Germinating Root,Metabolite,GRMZM2G107731,19
Germinating Root,Metabolite,GRMZM2G108477,3
Germinating Root,Metabolite,GRMZM2G110913,6
Germinating Root,Metabolite,GRMZM2G117281,15
Germinating Root,Metabolite,GRMZM2G117763,5
Germinating Root,Metabolite,GRMZM2G118697,10
Germinating Root,Metabolite,GRMZM2G121070,10
Germinating Root,Metabolite,GRMZM2G125512,3
Germinating Root,Metabolite,GRMZM2G130055,13
Germinating Root,Metabolite,GRMZM2G132991,1
Germinating Root,Metabolite,GRMZM2G133746,8
Germinating Root,Metabolite,GRMZM2G134104,10
Germinating Root,Metabolite,GRMZM2G134731,12
Germinating Root,Metabolite,GRMZM2G138076,15
Germinating Root,Metabolite,GRMZM2G138125,10
Germinating Root,Metabolite,GRMZM2G139621,17
Germinating Root,Metabolite,GRMZM2G141810,20
Germinating Root,Metabolite,GRMZM2G147544,8
Germinating Root,Metabolite,GRMZM2G147579,1
Germinating Root,Metabolite,GRMZM2G149091,6
Germinating Root,Metabolite,GRMZM2G149837,8
Germinating Root,Metabolite,GRMZM2G152796,5
Germinating Root,Metabolite,GRMZM2G155998,17
Germinating Root,Metabolite,GRMZM2G158136,5
Germinating Root,Metabolite,GRMZM2G159427,3
Germinating Root,Metabolite,GRMZM2G163178,6
Germinating Root,Metabolite,GRMZM2G164663,2
Germinating Root,Metabolite,GRMZM2G165919,15
Germinating Root,Metabolite,GRMZM2G166903,2
Germinating Root,Metabolite,GRMZM2G167787,21
Germinating Root,Metabolite,GRMZM2G169931,3
Germinating Root,Metabolite,GRMZM2G170766,3
Germinating Root,Metabolite,GRMZM2G172506,5
Germinating Root,Metabolite,GRMZM2G174598,4
Germinating Root,Metabolite,GRMZM2G175280,7
Germinating Root,Metabolite,GRMZM2G176282,3
Germinating Root,Metabolite,GRMZM2G314386,8
Germinating Root,Metabolite,GRMZM2G352678,33
Germinating Root,Metabolite,GRMZM2G361501,4
Germinating Root,Metabolite,GRMZM2G395244,2
Germinating Root,Metabolite,GRMZM2G402675,12
Germinating Root,Metabolite,GRMZM2G414423,36
Germinating Root,Metabolite,GRMZM2G420823,20
Germinating Root,Metabolite,GRMZM2G430266,16
Germinating Root,Metabolite,GRMZM2G441906,22
Germinating Root,Metabolite,GRMZM2G464043,9
Germinating Root,Metabolite,GRMZM2G472625,2
Germinating Root,Metabolite,GRMZM2G477879,1
Germinating Root,Metabolite,GRMZM5G809078,29
Germinating Root,Metabolite,GRMZM5G822449,42
Germinating Root,Metabolite,GRMZM5G825909,38
Germinating Root,Metabolite,GRMZM5G833406,11
Germinating Root,Metabolite,GRMZM5G836683,38
Germinating Root,Metabolite,GRMZM5G882351,6
Germinating Root,Metabolite,GRMZM5G890163,2
Germinating Root,Metabolite,GRMZM6G915669,32
Germinating Root,Morphology,AC148152.3_FG001,104
Germinating Root,Morphology,AC148167.6_FG001,20
Germinating Root,Morphology,AC149475.2_FG002,6
Germinating Root,Morphology,AC194970.5_FG005,22
Germinating Root,Morphology,GRMZM2G000665,1
Germinating Root,Morphology,GRMZM2G002100,3
Germinating Root,Morphology,GRMZM2G013357,8
Germinating Root,Morphology,GRMZM2G014282,7
Germinating Root,Morphology,GRMZM2G021846,7
Germinating Root,Morphology,GRMZM2G024444,4
Germinating Root,Morphology,GRMZM2G028218,20
Germinating Root,Morphology,GRMZM2G040079,18
Germinating Root,Morphology,GRMZM2G042981,7
Germinating Root,Morphology,GRMZM2G043584,4
Germinating Root,Morphology,GRMZM2G046733,13
Germinating Root,Morphology,GRMZM2G047152,42
Germinating Root,Morphology,GRMZM2G048277,40
Germinating Root,Morphology,GRMZM2G048557,3
Germinating Root,Morphology,GRMZM2G048928,29
Germinating Root,Morphology,GRMZM2G054109,28
Germinating Root,Morphology,GRMZM2G065394,2
Germinating Root,Morphology,GRMZM2G066234,33
Germinating Root,Morphology,GRMZM2G077811,2
Germinating Root,Morphology,GRMZM2G084173,18
Germinating Root,Morphology,GRMZM2G089365,28
Germinating Root,Morphology,GRMZM2G093666,2
Germinating Root,Morphology,GRMZM2G106590,7
Germinating Root,Morphology,GRMZM2G108133,5
Germinating Root,Morphology,GRMZM2G110198,44
Germinating Root,Morphology,GRMZM2G110714,51
Germinating Root,Morphology,GRMZM2G113156,24
Germinating Root,Morphology,GRMZM2G118950,12
Germinating Root,Morphology,GRMZM2G125991,1
Germinating Root,Morphology,GRMZM2G126586,5
Germinating Root,Morphology,GRMZM2G132811,11
Germinating Root,Morphology,GRMZM2G134227,22
Germinating Root,Morphology,GRMZM2G140448,5
Germinating Root,Morphology,GRMZM2G144960,3
Germinating Root,Morphology,GRMZM2G147579,5
Germinating Root,Morphology,GRMZM2G153178,25
Germinating Root,Morphology,GRMZM2G153704,3
Germinating Root,Morphology,GRMZM2G155073,28
Germinating Root,Morphology,GRMZM2G155565,7
Germinating Root,Morphology,GRMZM2G157616,3
Germinating Root,Morphology,GRMZM2G158736,18
Germinating Root,Morphology,GRMZM2G163325,3
Germinating Root,Morphology,GRMZM2G169825,20
Germinating Root,Morphology,GRMZM2G169931,16
Germinating Root,Morphology,GRMZM2G171068,3
Germinating Root,Morphology,GRMZM2G174444,7
Germinating Root,Morphology,GRMZM2G324544,50
Germinating Root,Morphology,GRMZM2G357040,2
Germinating Root,Morphology,GRMZM2G381842,17
Germinating Root,Morphology,GRMZM2G386817,8
Germinating Root,Morphology,GRMZM2G417223,20
Germinating Root,Morphology,GRMZM2G427815,18
Germinating Root,Morphology,GRMZM2G461186,25
Germinating Root,Morphology,GRMZM2G461936,7
Germinating Root,Morphology,GRMZM2G474651,4
Germinating Root,Morphology,GRMZM2G701746,20
Germinating Root,Morphology,GRMZM5G828229,17
Germinating Root,Morphology,GRMZM5G833747,5
Germinating Root,Morphology,GRMZM5G836471,7
Germinating Root,Morphology,GRMZM5G853854,5
Germinating Root,Morphology,GRMZM5G885766,3
Germinating Shoot,Metabolite,AC148152.3_FG005,53
Germinating Shoot,Metabolite,AC148167.6_FG001,35
Germinating Shoot,Metabolite,AC233885.1_FG002,18
Germinating Shoot,Metabolite,GRMZM2G005350,23
Germinating Shoot,Metabolite,GRMZM2G005938,11
Germinating Shoot,Metabolite,GRMZM2G008259,3
Germinating Shoot,Metabolite,GRMZM2G010491,4
Germinating Shoot,Metabolite,GRMZM2G010831,1
Germinating Shoot,Metabolite,GRMZM2G014009,2
Germinating Shoot,Metabolite,GRMZM2G015080,5
Germinating Shoot,Metabolite,GRMZM2G015908,11
Germinating Shoot,Metabolite,GRMZM2G018823,4
Germinating Shoot,Metabolite,GRMZM2G019686,40
Germinating Shoot,Metabolite,GRMZM2G019783,5
Germinating Shoot,Metabolite,GRMZM2G021410,16
Germinating Shoot,Metabolite,GRMZM2G027857,26
Germinating Shoot,Metabolite,GRMZM2G030444,28
Germinating Shoot,Metabolite,GRMZM2G040441,7
Germinating Shoot,Metabolite,GRMZM2G048274,16
Germinating Shoot,Metabolite,GRMZM2G049866,10
Germinating Shoot,Metabolite,GRMZM2G054522,30
Germinating Shoot,Metabolite,GRMZM2G055699,7
Germinating Shoot,Metabolite,GRMZM2G058089,5
Germinating Shoot,Metabolite,GRMZM2G059991,5
Germinating Shoot,Metabolite,GRMZM2G060726,13
Germinating Shoot,Metabolite,GRMZM2G064382,17
Germinating Shoot,Metabolite,GRMZM2G064537,28
Germinating Shoot,Metabolite,GRMZM2G065030,3
Germinating Shoot,Metabolite,GRMZM2G071319,8
Germinating Shoot,Metabolite,GRMZM2G073888,3
Germinating Shoot,Metabolite,GRMZM2G077258,3
Germinating Shoot,Metabolite,GRMZM2G079281,54
Germinating Shoot,Metabolite,GRMZM2G083437,1
Germinating Shoot,Metabolite,GRMZM2G084086,1
Germinating Shoot,Metabolite,GRMZM2G087103,2
Germinating Shoot,Metabolite,GRMZM2G087817,1
Germinating Shoot,Metabolite,GRMZM2G088291,4
Germinating Shoot,Metabolite,GRMZM2G091003,6
Germinating Shoot,Metabolite,GRMZM2G096365,9
Germinating Shoot,Metabolite,GRMZM2G097297,11
Germinating Shoot,Metabolite,GRMZM2G099989,7
Germinating Shoot,Metabolite,GRMZM2G102923,7
Germinating Shoot,Metabolite,GRMZM2G103884,30
Germinating Shoot,Metabolite,GRMZM2G106552,5
Germinating Shoot,Metabolite,GRMZM2G107597,19
Germinating Shoot,Metabolite,GRMZM2G111208,19
Germinating Shoot,Metabolite,GRMZM2G111529,7
Germinating Shoot,Metabolite,GRMZM2G113002,27
Germinating Shoot,Metabolite,GRMZM2G115504,4
Germinating Shoot,Metabolite,GRMZM2G115598,64
Germinating Shoot,Metabolite,GRMZM2G118714,20
Germinating Shoot,Metabolite,GRMZM2G118766,71
Germinating Shoot,Metabolite,GRMZM2G122481,12
Germinating Shoot,Metabolite,GRMZM2G123362,9
Germinating Shoot,Metabolite,GRMZM2G126002,3
Germinating Shoot,Metabolite,GRMZM2G127299,5
Germinating Shoot,Metabolite,GRMZM2G129907,6
Germinating Shoot,Metabolite,GRMZM2G134694,8
Germinating Shoot,Metabolite,GRMZM2G136158,26
Germinating Shoot,Metabolite,GRMZM2G137477,19
Germinating Shoot,Metabolite,GRMZM2G139256,12
Germinating Shoot,Metabolite,GRMZM2G142088,10
Germinating Shoot,Metabolite,GRMZM2G143242,4
Germinating Shoot,Metabolite,GRMZM2G146041,8
Germinating Shoot,Metabolite,GRMZM2G146948,4
Germinating Shoot,Metabolite,GRMZM2G151015,24
Germinating Shoot,Metabolite,GRMZM2G152470,4
Germinating Shoot,Metabolite,GRMZM2G152616,2
Germinating Shoot,Metabolite,GRMZM2G153017,7
Germinating Shoot,Metabolite,GRMZM2G156218,26
Germinating Shoot,Metabolite,GRMZM2G159082,5
Germinating Shoot,Metabolite,GRMZM2G167824,6
Germinating Shoot,Metabolite,GRMZM2G169080,4
Germinating Shoot,Metabolite,GRMZM2G172320,4
Germinating Shoot,Metabolite,GRMZM2G179002,38
Germinating Shoot,Metabolite,GRMZM2G306597,16
Germinating Shoot,Metabolite,GRMZM2G308189,4
Germinating Shoot,Metabolite,GRMZM2G315769,3
Germinating Shoot,Metabolite,GRMZM2G324860,6
Germinating Shoot,Metabolite,GRMZM2G327263,14
Germinating Shoot,Metabolite,GRMZM2G335407,7
Germinating Shoot,Metabolite,GRMZM2G336908,3
Germinating Shoot,Metabolite,GRMZM2G342033,109
Germinating Shoot,Metabolite,GRMZM2G371462,7
Germinating Shoot,Metabolite,GRMZM2G375197,2
Germinating Shoot,Metabolite,GRMZM2G376265,4
Germinating Shoot,Metabolite,GRMZM2G386281,5
Germinating Shoot,Metabolite,GRMZM2G426556,9
Germinating Shoot,Metabolite,GRMZM2G468535,21
Germinating Shoot,Metabolite,GRMZM2G473925,7
Germinating Shoot,Metabolite,GRMZM2G571316,16
Germinating Shoot,Metabolite,GRMZM5G806649,4
Germinating Shoot,Metabolite,GRMZM5G812270,19
Germinating Shoot,Metabolite,GRMZM5G857930,5
Germinating Shoot,Metabolite,GRMZM5G876773,20
Germinating Shoot,Metabolite,GRMZM5G884600,6
Germinating Shoot,Metabolite,GRMZM6G161711,103
Germinating Shoot,Metabolite,GRMZM6G348677,5
Germinating Shoot,Metabolite,GRMZM6G443309,3
Germinating Shoot,Morphology,AC148152.3_FG005,4
Germinating Shoot,Morphology,AC148152.3_FG008,25
Germinating Shoot,Morphology,AC148167.6_FG001,41
Germinating Shoot,Morphology,AC194970.5_FG005,23
Germinating Shoot,Morphology,AF546187.1_FG011,4
Germinating Shoot,Morphology,GRMZM2G000674,6
Germinating Shoot,Morphology,GRMZM2G002616,5
Germinating Shoot,Morphology,GRMZM2G006377,16
Germinating Shoot,Morphology,GRMZM2G007120,6
Germinating Shoot,Morphology,GRMZM2G009097,8
Germinating Shoot,Morphology,GRMZM2G013318,2
Germinating Shoot,Morphology,GRMZM2G013634,3
Germinating Shoot,Morphology,GRMZM2G019090,26
Germinating Shoot,Morphology,GRMZM2G028834,5
Germinating Shoot,Morphology,GRMZM2G029101,2
Germinating Shoot,Morphology,GRMZM2G032977,9
Germinating Shoot,Morphology,GRMZM2G037152,1
Germinating Shoot,Morphology,GRMZM2G037627,86
Germinating Shoot,Morphology,GRMZM2G039278,4
Germinating Shoot,Morphology,GRMZM2G044354,29
Germinating Shoot,Morphology,GRMZM2G045404,33
Germinating Shoot,Morphology,GRMZM2G047365,28
Germinating Shoot,Morphology,GRMZM2G059117,7
Germinating Shoot,Morphology,GRMZM2G060027,2
Germinating Shoot,Morphology,GRMZM2G063511,2
Germinating Shoot,Morphology,GRMZM2G065496,30
Germinating Shoot,Morphology,GRMZM2G074871,5
Germinating Shoot,Morphology,GRMZM2G075624,21
Germinating Shoot,Morphology,GRMZM2G079682,9
Germinating Shoot,Morphology,GRMZM2G083301,3
Germinating Shoot,Morphology,GRMZM2G090262,20
Germinating Shoot,Morphology,GRMZM2G093902,2
Germinating Shoot,Morphology,GRMZM2G100084,15
Germinating Shoot,Morphology,GRMZM2G100881,4
Germinating Shoot,Morphology,GRMZM2G105652,8
Germinating Shoot,Morphology,GRMZM2G121543,2
Germinating Shoot,Morphology,GRMZM2G122108,25
Germinating Shoot,Morphology,GRMZM2G133262,12
Germinating Shoot,Morphology,GRMZM2G134439,5
Germinating Shoot,Morphology,GRMZM2G135354,5
Germinating Shoot,Morphology,GRMZM2G135960,4
Germinating Shoot,Morphology,GRMZM2G138496,73
Germinating Shoot,Morphology,GRMZM2G143886,28
Germinating Shoot,Morphology,GRMZM2G146041,2
Germinating Shoot,Morphology,GRMZM2G147619,8
Germinating Shoot,Morphology,GRMZM2G150280,1
Germinating Shoot,Morphology,GRMZM2G152105,46
Germinating Shoot,Morphology,GRMZM2G155317,7
Germinating Shoot,Morphology,GRMZM2G158647,4
Germinating Shoot,Morphology,GRMZM2G162316,6
Germinating Shoot,Morphology,GRMZM2G164085,6
Germinating Shoot,Morphology,GRMZM2G167872,12
Germinating Shoot,Morphology,GRMZM2G171311,7
Germinating Shoot,Morphology,GRMZM2G171650,16
Germinating Shoot,Morphology,GRMZM2G173413,4
Germinating Shoot,Morphology,GRMZM2G181505,6
Germinating Shoot,Morphology,GRMZM2G306781,3
Germinating Shoot,Morphology,GRMZM2G315902,5
Germinating Shoot,Morphology,GRMZM2G328742,29
Germinating Shoot,Morphology,GRMZM2G331250,12
Germinating Shoot,Morphology,GRMZM2G358311,2
Germinating Shoot,Morphology,GRMZM2G400602,3
Germinating Shoot,Morphology,GRMZM2G425920,18
Germinating Shoot,Morphology,GRMZM2G579432,3
Germinating Shoot,Morphology,GRMZM2G704347,39
Germinating Shoot,Morphology,GRMZM5G811674,59
Germinating Shoot,Morphology,GRMZM5G856598,4
Germinating Shoot,Morphology,GRMZM5G860498,3
Germinating Shoot,Morphology,GRMZM5G873277,6
Kernels after pollination,Metabolite,AC148167.6_FG001,2
Kernels after pollination,Metabolite,AC149818.2_FG006,16
Kernels after pollination,Metabolite,AC208337.2_FG003,40
Kernels after pollination,Metabolite,GRMZM2G007063,7
Kernels after pollination,Metabolite,GRMZM2G011523,12
Kernels after pollination,Metabolite,GRMZM2G011553,3
Kernels after pollination,Metabolite,GRMZM2G016890,18
Kernels after pollination,Metabolite,GRMZM2G017550,16
Kernels after pollination,Metabolite,GRMZM2G021777,5
Kernels after pollination,Metabolite,GRMZM2G023068,6
Kernels after pollination,Metabolite,GRMZM2G023858,3
Kernels after pollination,Metabolite,GRMZM2G028721,5
Kernels after pollination,Metabolite,GRMZM2G030293,13
Kernels after pollination,Metabolite,GRMZM2G030384,5
Kernels after pollination,Metabolite,GRMZM2G034511,5
Kernels after pollination,Metabolite,GRMZM2G037015,3
Kernels after pollination,Metabolite,GRMZM2G039542,13
Kernels after pollination,Metabolite,GRMZM2G046086,26
Kernels after pollination,Metabolite,GRMZM2G046782,6
Kernels after pollination,Metabolite,GRMZM2G047299,109
Kernels after pollination,Metabolite,GRMZM2G050730,2
Kernels after pollination,Metabolite,GRMZM2G056403,1
Kernels after pollination,Metabolite,GRMZM2G057006,4
Kernels after pollination,Metabolite,GRMZM2G059393,6
Kernels after pollination,Metabolite,GRMZM2G060170,2
Kernels after pollination,Metabolite,GRMZM2G066636,26
Kernels after pollination,Metabolite,GRMZM2G077293,8
Kernels after pollination,Metabolite,GRMZM2G078779,22
Kernels after pollination,Metabolite,GRMZM2G078820,10
Kernels after pollination,Metabolite,GRMZM2G079632,3
Kernels after pollination,Metabolite,GRMZM2G082181,25
Kernels after pollination,Metabolite,GRMZM2G083262,1
Kernels after pollination,Metabolite,GRMZM2G100858,11
Kernels after pollination,Metabolite,GRMZM2G110881,2
Kernels after pollination,Metabolite,GRMZM2G111529,13
Kernels after pollination,Metabolite,GRMZM2G114888,4
Kernels after pollination,Metabolite,GRMZM2G115598,118
Kernels after pollination,Metabolite,GRMZM2G127548,42
Kernels after pollination,Metabolite,GRMZM2G130425,4
Kernels after pollination,Metabolite,GRMZM2G134749,4
Kernels after pollination,Metabolite,GRMZM2G135568,28
Kernels after pollination,Metabolite,GRMZM2G144674,9
Kernels after pollination,Metabolite,GRMZM2G149700,95
Kernels after pollination,Metabolite,GRMZM2G151529,3
Kernels after pollination,Metabolite,GRMZM2G154316,12
Kernels after pollination,Metabolite,GRMZM2G154839,8
Kernels after pollination,Metabolite,GRMZM2G158261,3
Kernels after pollination,Metabolite,GRMZM2G160996,8
Kernels after pollination,Metabolite,GRMZM2G161377,3
Kernels after pollination,Metabolite,GRMZM2G163683,2
Kernels after pollination,Metabolite,GRMZM2G167243,10
Kernels after pollination,Metabolite,GRMZM2G169152,50
Kernels after pollination,Metabolite,GRMZM2G170338,4
Kernels after pollination,Metabolite,GRMZM2G171662,5
Kernels after pollination,Metabolite,GRMZM2G174099,3
Kernels after pollination,Metabolite,GRMZM2G174568,19
Kernels after pollination,Metabolite,GRMZM2G174736,5
Kernels after pollination,Metabolite,GRMZM2G306597,5
Kernels after pollination,Metabolite,GRMZM2G311898,14
Kernels after pollination,Metabolite,GRMZM2G338809,5
Kernels after pollination,Metabolite,GRMZM2G348846,11
Kernels after pollination,Metabolite,GRMZM2G354834,25
Kernels after pollination,Metabolite,GRMZM2G362470,9
Kernels after pollination,Metabolite,GRMZM2G400169,3
Kernels after pollination,Metabolite,GRMZM2G406099,4
Kernels after pollination,Metabolite,GRMZM2G434514,1
Kernels after pollination,Metabolite,GRMZM2G700788,22
Kernels after pollination,Metabolite,GRMZM5G812270,16
Kernels after pollination,Metabolite,GRMZM5G839924,2
Kernels after pollination,Metabolite,GRMZM5G842695,7
Kernels after pollination,Metabolite,GRMZM6G370842,7
Kernels after pollination,Morphology,AC149475.2_FG003,11
Kernels after pollination,Morphology,AC149818.2_FG005,166
Kernels after pollination,Morphology,AC209374.4_FG002,3
Kernels after pollination,Morphology,AC226248.1_FG002,5
Kernels after pollination,Morphology,GRMZM2G003033,6
Kernels after pollination,Morphology,GRMZM2G006953,4
Kernels after pollination,Morphology,GRMZM2G009282,15
Kernels after pollination,Morphology,GRMZM2G009804,4
Kernels after pollination,Morphology,GRMZM2G013201,25
Kernels after pollination,Morphology,GRMZM2G013546,48
Kernels after pollination,Morphology,GRMZM2G015127,25
Kernels after pollination,Morphology,GRMZM2G018573,3
Kernels after pollination,Morphology,GRMZM2G023049,5
Kernels after pollination,Morphology,GRMZM2G023105,3
Kernels after pollination,Morphology,GRMZM2G028438,25
Kernels after pollination,Morphology,GRMZM2G029713,3
Kernels after pollination,Morphology,GRMZM2G042245,28
Kernels after pollination,Morphology,GRMZM2G043095,7
Kernels after pollination,Morphology,GRMZM2G044493,22
Kernels after pollination,Morphology,GRMZM2G045753,24
Kernels after pollination,Morphology,GRMZM2G049190,35
Kernels after pollination,Morphology,GRMZM2G058451,21
Kernels after pollination,Morphology,GRMZM2G060690,32
Kernels after pollination,Morphology,GRMZM2G061885,5
Kernels after pollination,Morphology,GRMZM2G065284,82
Kernels after pollination,Morphology,GRMZM2G069260,17
Kernels after pollination,Morphology,GRMZM2G071468,24
Kernels after pollination,Morphology,GRMZM2G082180,8
Kernels after pollination,Morphology,GRMZM2G082185,21
Kernels after pollination,Morphology,GRMZM2G083427,15
Kernels after pollination,Morphology,GRMZM2G086750,4
Kernels after pollination,Morphology,GRMZM2G089491,4
Kernels after pollination,Morphology,GRMZM2G091435,9
Kernels after pollination,Morphology,GRMZM2G099207,4
Kernels after pollination,Morphology,GRMZM2G111713,11
Kernels after pollination,Morphology,GRMZM2G114172,8
Kernels after pollination,Morphology,GRMZM2G117230,12
Kernels after pollination,Morphology,GRMZM2G117746,14
Kernels after pollination,Morphology,GRMZM2G119272,110
Kernels after pollination,Morphology,GRMZM2G125812,10
Kernels after pollination,Morphology,GRMZM2G131155,6
Kernels after pollination,Morphology,GRMZM2G132251,1
Kernels after pollination,Morphology,GRMZM2G136635,6
Kernels after pollination,Morphology,GRMZM2G144028,5
Kernels after pollination,Morphology,GRMZM2G146028,8
Kernels after pollination,Morphology,GRMZM2G150264,1
Kernels after pollination,Morphology,GRMZM2G150484,6
Kernels after pollination,Morphology,GRMZM2G157616,14
Kernels after pollination,Morphology,GRMZM2G167686,8
Kernels after pollination,Morphology,GRMZM2G171961,27
Kernels after pollination,Morphology,GRMZM2G175989,16
Kernels after pollination,Morphology,GRMZM2G180458,1
Kernels after pollination,Morphology,GRMZM2G181227,9
Kernels after pollination,Morphology,GRMZM2G308503,5
Kernels after pollination,Morphology,GRMZM2G361693,7
Kernels after pollination,Morphology,GRMZM2G403162,118
Kernels after pollination,Morphology,GRMZM2G468132,4
Kernels after pollination,Morphology,GRMZM5G816110,5
Leaf 3 base,Metabolite,AC148152.3_FG005,85
Leaf 3 base,Metabolite,AC148167.6_FG001,24
Leaf 3 base,Metabolite,AC203570.4_FG005,8
Leaf 3 base,Metabolite,AC208031.3_FG002,28
Leaf 3 base,Metabolite,AC210003.2_FG015,34
Leaf 3 base,Metabolite,GRMZM2G003409,21
Leaf 3 base,Metabolite,GRMZM2G005187,6
Leaf 3 base,Metabolite,GRMZM2G005365,5
Leaf 3 base,Metabolite,GRMZM2G007190,5
Leaf 3 base,Metabolite,GRMZM2G008123,19
Leaf 3 base,Metabolite,GRMZM2G009139,23
Leaf 3 base,Metabolite,GRMZM2G009719,15
Leaf 3 base,Metabolite,GRMZM2G017961,35
Leaf 3 base,Metabolite,GRMZM2G018417,28
Leaf 3 base,Metabolite,GRMZM2G019596,21
Leaf 3 base,Metabolite,GRMZM2G019641,27
Leaf 3 base,Metabolite,GRMZM2G020976,3
Leaf 3 base,Metabolite,GRMZM2G021549,6
Leaf 3 base,Metabolite,GRMZM2G022547,9
Leaf 3 base,Metabolite,GRMZM2G022679,6
Leaf 3 base,Metabolite,GRMZM2G026869,5
Leaf 3 base,Metabolite,GRMZM2G027135,27
Leaf 3 base,Metabolite,GRMZM2G028758,31
Leaf 3 base,Metabolite,GRMZM2G031825,22
Leaf 3 base,Metabolite,GRMZM2G034848,18
Leaf 3 base,Metabolite,GRMZM2G035502,38
Leaf 3 base,Metabolite,GRMZM2G035944,22
Leaf 3 base,Metabolite,GRMZM2G036980,87
Leaf 3 base,Metabolite,GRMZM2G037617,7
Leaf 3 base,Metabolite,GRMZM2G039542,16
Leaf 3 base,Metabolite,GRMZM2G039580,31
Leaf 3 base,Metabolite,GRMZM2G042438,16
Leaf 3 base,Metabolite,GRMZM2G043843,34
Leaf 3 base,Metabolite,GRMZM2G046601,21
Leaf 3 base,Metabolite,GRMZM2G047299,33
Leaf 3 base,Metabolite,GRMZM2G049088,7
Leaf 3 base,Metabolite,GRMZM2G050714,15
Leaf 3 base,Metabolite,GRMZM2G052571,18
Leaf 3 base,Metabolite,GRMZM2G052658,7
Leaf 3 base,Metabolite,GRMZM2G053284,19
Leaf 3 base,Metabolite,GRMZM2G055880,20
Leaf 3 base,Metabolite,GRMZM2G057044,13
Leaf 3 base,Metabolite,GRMZM2G057950,37
Leaf 3 base,Metabolite,GRMZM2G059026,14
Leaf 3 base,Metabolite,GRMZM2G059671,9
Leaf 3 base,Metabolite,GRMZM2G061283,32
Leaf 3 base,Metabolite,GRMZM2G062391,28
Leaf 3 base,Metabolite,GRMZM2G063672,4
Leaf 3 base,Metabolite,GRMZM2G064537,19
Leaf 3 base,Metabolite,GRMZM2G065394,19
Leaf 3 base,Metabolite,GRMZM2G070041,6
Leaf 3 base,Metabolite,GRMZM2G070211,131
Leaf 3 base,Metabolite,GRMZM2G072383,19
Leaf 3 base,Metabolite,GRMZM2G074761,20
Leaf 3 base,Metabolite,GRMZM2G076593,4
Leaf 3 base,Metabolite,GRMZM2G076989,43
Leaf 3 base,Metabolite,GRMZM2G078154,1
Leaf 3 base,Metabolite,GRMZM2G080001,11
Leaf 3 base,Metabolite,GRMZM2G081671,5
Leaf 3 base,Metabolite,GRMZM2G081943,18
Leaf 3 base,Metabolite,GRMZM2G085602,16
Leaf 3 base,Metabolite,GRMZM2G087870,36
Leaf 3 base,Metabolite,GRMZM2G088409,10
Leaf 3 base,Metabolite,GRMZM2G091176,34
Leaf 3 base,Metabolite,GRMZM2G095595,33
Leaf 3 base,Metabolite,GRMZM2G099628,19
Leaf 3 base,Metabolite,GRMZM2G099989,17
Leaf 3 base,Metabolite,GRMZM2G100058,28
Leaf 3 base,Metabolite,GRMZM2G100889,34
Leaf 3 base,Metabolite,GRMZM2G102138,28
Leaf 3 base,Metabolite,GRMZM2G102657,5
Leaf 3 base,Metabolite,GRMZM2G104231,14
Leaf 3 base,Metabolite,GRMZM2G104449,36
Leaf 3 base,Metabolite,GRMZM2G107774,15
Leaf 3 base,Metabolite,GRMZM2G108615,14
Leaf 3 base,Metabolite,GRMZM2G114681,9
Leaf 3 base,Metabolite,GRMZM2G115598,4
Leaf 3 base,Metabolite,GRMZM2G119485,8
Leaf 3 base,Metabolite,GRMZM2G120257,9
Leaf 3 base,Metabolite,GRMZM2G122443,24
Leaf 3 base,Metabolite,GRMZM2G122954,19
Leaf 3 base,Metabolite,GRMZM2G124799,13
Leaf 3 base,Metabolite,GRMZM2G126002,9
Leaf 3 base,Metabolite,GRMZM2G127309,47
Leaf 3 base,Metabolite,GRMZM2G128056,9
Leaf 3 base,Metabolite,GRMZM2G128189,20
Leaf 3 base,Metabolite,GRMZM2G128214,7
Leaf 3 base,Metabolite,GRMZM2G129431,12
Leaf 3 base,Metabolite,GRMZM2G133314,28
Leaf 3 base,Metabolite,GRMZM2G133746,24
Leaf 3 base,Metabolite,GRMZM2G134716,5
Leaf 3 base,Metabolite,GRMZM2G135446,14
Leaf 3 base,Metabolite,GRMZM2G135763,14
Leaf 3 base,Metabolite,GRMZM2G137779,11
Leaf 3 base,Metabolite,GRMZM2G138125,34
Leaf 3 base,Metabolite,GRMZM2G139973,25
Leaf 3 base,Metabolite,GRMZM2G141848,31
Leaf 3 base,Metabolite,GRMZM2G145213,14
Leaf 3 base,Metabolite,GRMZM2G145720,14
Leaf 3 base,Metabolite,GRMZM2G147481,15
Leaf 3 base,Metabolite,GRMZM2G147503,15
Leaf 3 base,Metabolite,GRMZM2G149286,14
Leaf 3 base,Metabolite,GRMZM2G149392,21
Leaf 3 base,Metabolite,GRMZM2G151245,16
Leaf 3 base,Metabolite,GRMZM2G152438,28
Leaf 3 base,Metabolite,GRMZM2G152638,8
Leaf 3 base,Metabolite,GRMZM2G154048,43
Leaf 3 base,Metabolite,GRMZM2G154156,10
Leaf 3 base,Metabolite,GRMZM2G154328,4
Leaf 3 base,Metabolite,GRMZM2G155002,13
Leaf 3 base,Metabolite,GRMZM2G155776,6
Leaf 3 base,Metabolite,GRMZM2G156816,25
Leaf 3 base,Metabolite,GRMZM2G156937,21
Leaf 3 base,Metabolite,GRMZM2G158890,13
Leaf 3 base,Metabolite,GRMZM2G163296,26
Leaf 3 base,Metabolite,GRMZM2G165778,12
Leaf 3 base,Metabolite,GRMZM2G168959,11
Leaf 3 base,Metabolite,GRMZM2G169270,18
Leaf 3 base,Metabolite,GRMZM2G171644,18
Leaf 3 base,Metabolite,GRMZM2G173612,46
Leaf 3 base,Metabolite,GRMZM2G178681,14
Leaf 3 base,Metabolite,GRMZM2G179679,9
Leaf 3 base,Metabolite,GRMZM2G306597,11
Leaf 3 base,Metabolite,GRMZM2G307404,21
Leaf 3 base,Metabolite,GRMZM2G308365,36
Leaf 3 base,Metabolite,GRMZM2G321413,6
Leaf 3 base,Metabolite,GRMZM2G337330,55
Leaf 3 base,Metabolite,GRMZM2G351716,22
Leaf 3 base,Metabolite,GRMZM2G359397,4
Leaf 3 base,Metabolite,GRMZM2G362470,50
Leaf 3 base,Metabolite,GRMZM2G374263,17
Leaf 3 base,Metabolite,GRMZM2G383833,1
Leaf 3 base,Metabolite,GRMZM2G387394,7
Leaf 3 base,Metabolite,GRMZM2G391286,2
Leaf 3 base,Metabolite,GRMZM2G401062,12
Leaf 3 base,Metabolite,GRMZM2G402002,12
Leaf 3 base,Metabolite,GRMZM2G409934,29
Leaf 3 base,Metabolite,GRMZM2G417597,1
Leaf 3 base,Metabolite,GRMZM2G429169,26
Leaf 3 base,Metabolite,GRMZM2G431703,14
Leaf 3 base,Metabolite,GRMZM2G434669,31
Leaf 3 base,Metabolite,GRMZM2G436226,5
Leaf 3 base,Metabolite,GRMZM2G447976,12
Leaf 3 base,Metabolite,GRMZM2G448258,45
Leaf 3 base,Metabolite,GRMZM2G458448,30
Leaf 3 base,Metabolite,GRMZM2G459291,32
Leaf 3 base,Metabolite,GRMZM2G466848,11
Leaf 3 base,Metabolite,GRMZM2G468535,25
Leaf 3 base,Metabolite,GRMZM2G470974,21
Leaf 3 base,Metabolite,GRMZM2G471089,14
Leaf 3 base,Metabolite,GRMZM2G472780,3
Leaf 3 base,Metabolite,GRMZM2G492252,5
Leaf 3 base,Metabolite,GRMZM2G556515,20
Leaf 3 base,Metabolite,GRMZM2G591605,22
Leaf 3 base,Metabolite,GRMZM5G824137,21
Leaf 3 base,Metabolite,GRMZM5G834837,20
Leaf 3 base,Metabolite,GRMZM5G860469,23
Leaf 3 base,Metabolite,GRMZM5G861997,20
Leaf 3 base,Metabolite,GRMZM5G894582,6
Leaf 3 base,Metabolite,zma.MIR528a,16
Leaf 3 base,Morphology,AC148152.3_FG005,124
Leaf 3 base,Morphology,AC148152.3_FG008,7
Leaf 3 base,Morphology,AC149475.2_FG002,20
Leaf 3 base,Morphology,AC149475.2_FG003,30
Leaf 3 base,Morphology,GRMZM2G000231,13
Leaf 3 base,Morphology,GRMZM2G000764,12
Leaf 3 base,Morphology,GRMZM2G010095,31
Leaf 3 base,Morphology,GRMZM2G016088,4
Leaf 3 base,Morphology,GRMZM2G017550,24
Leaf 3 base,Morphology,GRMZM2G022563,37
Leaf 3 base,Morphology,GRMZM2G031065,22
Leaf 3 base,Morphology,GRMZM2G037150,5
Leaf 3 base,Morphology,GRMZM2G040278,27
Leaf 3 base,Morphology,GRMZM2G052713,30
Leaf 3 base,Morphology,GRMZM2G055437,5
Leaf 3 base,Morphology,GRMZM2G056702,67
Leaf 3 base,Morphology,GRMZM2G061396,27
Leaf 3 base,Morphology,GRMZM2G065388,11
Leaf 3 base,Morphology,GRMZM2G071157,6
Leaf 3 base,Morphology,GRMZM2G073347,6
Leaf 3 base,Morphology,GRMZM2G077811,25
Leaf 3 base,Morphology,GRMZM2G081017,32
Leaf 3 base,Morphology,GRMZM2G085054,2
Leaf 3 base,Morphology,GRMZM2G087806,7
Leaf 3 base,Morphology,GRMZM2G093139,71
Leaf 3 base,Morphology,GRMZM2G103258,19
Leaf 3 base,Morphology,GRMZM2G113372,29
Leaf 3 base,Morphology,GRMZM2G113415,23
Leaf 3 base,Morphology,GRMZM2G118286,35
Leaf 3 base,Morphology,GRMZM2G119906,6
Leaf 3 base,Morphology,GRMZM2G122712,32
Leaf 3 base,Morphology,GRMZM2G127123,7
Leaf 3 base,Morphology,GRMZM2G128160,19
Leaf 3 base,Morphology,GRMZM2G130305,17
Leaf 3 base,Morphology,GRMZM2G131321,32
Leaf 3 base,Morphology,GRMZM2G136513,50
Leaf 3 base,Morphology,GRMZM2G136975,24
Leaf 3 base,Morphology,GRMZM2G141607,25
Leaf 3 base,Morphology,GRMZM2G153178,2
Leaf 3 base,Morphology,GRMZM2G159937,21
Leaf 3 base,Morphology,GRMZM2G160178,23
Leaf 3 base,Morphology,GRMZM2G160842,8
Leaf 3 base,Morphology,GRMZM2G167283,29
Leaf 3 base,Morphology,GRMZM2G167591,22
Leaf 3 base,Morphology,GRMZM2G171650,40
Leaf 3 base,Morphology,GRMZM2G177937,23
Leaf 3 base,Morphology,GRMZM2G317738,26
Leaf 3 base,Morphology,GRMZM2G328133,13
Leaf 3 base,Morphology,GRMZM2G371271,33
Leaf 3 base,Morphology,GRMZM2G403218,27
Leaf 3 base,Morphology,GRMZM2G418415,19
Leaf 3 base,Morphology,GRMZM2G432060,5
Leaf 3 base,Morphology,GRMZM2G445783,13
Leaf 3 base,Morphology,GRMZM2G446171,5
Leaf 3 base,Morphology,GRMZM2G463493,5
Leaf 3 base,Morphology,GRMZM2G701144,5
Leaf 3 base,Morphology,GRMZM5G821828,17
Leaf 3 base,Morphology,GRMZM5G868875,13
Leaf 3 base,Morphology,GRMZM5G874163,8
Leaf 3 base,Morphology,GRMZM6G101378,15
Leaf 3 base,Morphology,GRMZM6G660276,18
Leaf 3 tip,Metabolite,AC148152.3_FG005,242
Leaf 3 tip,Metabolite,AC148152.3_FG008,40
Leaf 3 tip,Metabolite,AC149475.2_FG003,70
Leaf 3 tip,Metabolite,AC198494.3_FG002,17
Leaf 3 tip,Metabolite,AC206999.1_FG002,20
Leaf 3 tip,Metabolite,AC217965.2_FG012,6
Leaf 3 tip,Metabolite,AC233883.1_FG006,45
Leaf 3 tip,Metabolite,GRMZM2G000052,39
Leaf 3 tip,Metabolite,GRMZM2G002297,35
Leaf 3 tip,Metabolite,GRMZM2G003409,5
Leaf 3 tip,Metabolite,GRMZM2G003750,29
Leaf 3 tip,Metabolite,GRMZM2G004079,42
Leaf 3 tip,Metabolite,GRMZM2G004703,10
Leaf 3 tip,Metabolite,GRMZM2G006453,3
Leaf 3 tip,Metabolite,GRMZM2G006753,23
Leaf 3 tip,Metabolite,GRMZM2G007486,20
Leaf 3 tip,Metabolite,GRMZM2G010685,26
Leaf 3 tip,Metabolite,GRMZM2G010927,21
Leaf 3 tip,Metabolite,GRMZM2G012926,19
Leaf 3 tip,Metabolite,GRMZM2G014392,7
Leaf 3 tip,Metabolite,GRMZM2G014797,22
Leaf 3 tip,Metabolite,GRMZM2G016275,21
Leaf 3 tip,Metabolite,GRMZM2G016346,4
Leaf 3 tip,Metabolite,GRMZM2G017629,16
Leaf 3 tip,Metabolite,GRMZM2G019907,2
Leaf 3 tip,Metabolite,GRMZM2G024655,10
Leaf 3 tip,Metabolite,GRMZM2G026470,8
Leaf 3 tip,Metabolite,GRMZM2G026780,12
Leaf 3 tip,Metabolite,GRMZM2G028721,26
Leaf 3 tip,Metabolite,GRMZM2G028855,4
Leaf 3 tip,Metabolite,GRMZM2G031261,23
Leaf 3 tip,Metabolite,GRMZM2G031311,18
Leaf 3 tip,Metabolite,GRMZM2G034313,29
Leaf 3 tip,Metabolite,GRMZM2G034471,23
Leaf 3 tip,Metabolite,GRMZM2G035134,9
Leaf 3 tip,Metabolite,GRMZM2G036916,21
Leaf 3 tip,Metabolite,GRMZM2G036980,58
Leaf 3 tip,Metabolite,GRMZM2G039278,9
Leaf 3 tip,Metabolite,GRMZM2G042171,11
Leaf 3 tip,Metabolite,GRMZM2G042855,3
Leaf 3 tip,Metabolite,GRMZM2G045303,18
Leaf 3 tip,Metabolite,GRMZM2G046911,36
Leaf 3 tip,Metabolite,GRMZM2G050684,17
Leaf 3 tip,Metabolite,GRMZM2G050701,24
Leaf 3 tip,Metabolite,GRMZM2G050730,7
Leaf 3 tip,Metabolite,GRMZM2G051185,23
Leaf 3 tip,Metabolite,GRMZM2G051917,9
Leaf 3 tip,Metabolite,GRMZM2G056462,9
Leaf 3 tip,Metabolite,GRMZM2G058970,20
Leaf 3 tip,Metabolite,GRMZM2G060296,33
Leaf 3 tip,Metabolite,GRMZM2G060311,6
Leaf 3 tip,Metabolite,GRMZM2G060943,41
Leaf 3 tip,Metabolite,GRMZM2G062531,5
Leaf 3 tip,Metabolite,GRMZM2G063517,11
Leaf 3 tip,Metabolite,GRMZM2G065451,26
Leaf 3 tip,Metabolite,GRMZM2G066362,34
Leaf 3 tip,Metabolite,GRMZM2G068755,17
Leaf 3 tip,Metabolite,GRMZM2G069078,29
Leaf 3 tip,Metabolite,GRMZM2G069208,31
Leaf 3 tip,Metabolite,GRMZM2G070500,14
Leaf 3 tip,Metabolite,GRMZM2G072205,23
Leaf 3 tip,Metabolite,GRMZM2G073023,17
Leaf 3 tip,Metabolite,GRMZM2G074946,42
Leaf 3 tip,Metabolite,GRMZM2G075150,15
Leaf 3 tip,Metabolite,GRMZM2G076542,29
Leaf 3 tip,Metabolite,GRMZM2G076943,24
Leaf 3 tip,Metabolite,GRMZM2G080349,14
Leaf 3 tip,Metabolite,GRMZM2G081928,16
Leaf 3 tip,Metabolite,GRMZM2G081943,8
Leaf 3 tip,Metabolite,GRMZM2G082346,24
Leaf 3 tip,Metabolite,GRMZM2G083130,30
Leaf 3 tip,Metabolite,GRMZM2G086971,5
Leaf 3 tip,Metabolite,GRMZM2G087226,22
Leaf 3 tip,Metabolite,GRMZM2G088539,12
Leaf 3 tip,Metabolite,GRMZM2G091233,12
Leaf 3 tip,Metabolite,GRMZM2G092281,29
Leaf 3 tip,Metabolite,GRMZM2G094304,10
Leaf 3 tip,Metabolite,GRMZM2G098434,43
Leaf 3 tip,Metabolite,GRMZM2G099097,8
Leaf 3 tip,Metabolite,GRMZM2G099528,21
Leaf 3 tip,Metabolite,GRMZM2G101282,19
Leaf 3 tip,Metabolite,GRMZM2G104418,8
Leaf 3 tip,Metabolite,GRMZM2G105869,71
Leaf 3 tip,Metabolite,GRMZM2G106393,13
Leaf 3 tip,Metabolite,GRMZM2G108514,10
Leaf 3 tip,Metabolite,GRMZM2G110412,87
Leaf 3 tip,Metabolite,GRMZM2G113396,36
Leaf 3 tip,Metabolite,GRMZM2G115805,5
Leaf 3 tip,Metabolite,GRMZM2G121960,29
Leaf 3 tip,Metabolite,GRMZM2G121990,11
Leaf 3 tip,Metabolite,GRMZM2G122276,25
Leaf 3 tip,Metabolite,GRMZM2G123014,10
Leaf 3 tip,Metabolite,GRMZM2G123544,44
Leaf 3 tip,Metabolite,GRMZM2G125314,11
Leaf 3 tip,Metabolite,GRMZM2G126002,21
Leaf 3 tip,Metabolite,GRMZM2G126603,27
Leaf 3 tip,Metabolite,GRMZM2G129860,10
Leaf 3 tip,Metabolite,GRMZM2G131784,15
Leaf 3 tip,Metabolite,GRMZM2G132628,15
Leaf 3 tip,Metabolite,GRMZM2G132862,14
Leaf 3 tip,Metabolite,GRMZM2G133434,5
Leaf 3 tip,Metabolite,GRMZM2G133629,4
Leaf 3 tip,Metabolite,GRMZM2G134054,81
Leaf 3 tip,Metabolite,GRMZM2G135120,39
Leaf 3 tip,Metabolite,GRMZM2G135256,13
Leaf 3 tip,Metabolite,GRMZM2G135617,12
Leaf 3 tip,Metabolite,GRMZM2G137435,20
Leaf 3 tip,Metabolite,GRMZM2G137775,9
Leaf 3 tip,Metabolite,GRMZM2G138245,23
Leaf 3 tip,Metabolite,GRMZM2G139522,30
Leaf 3 tip,Metabolite,GRMZM2G140082,28
Leaf 3 tip,Metabolite,GRMZM2G140095,21
Leaf 3 tip,Metabolite,GRMZM2G140811,25
Leaf 3 tip,Metabolite,GRMZM2G142011,38
Leaf 3 tip,Metabolite,GRMZM2G144020,29
Leaf 3 tip,Metabolite,GRMZM2G146234,13
Leaf 3 tip,Metabolite,GRMZM2G147809,10
Leaf 3 tip,Metabolite,GRMZM2G149286,12
Leaf 3 tip,Metabolite,GRMZM2G152777,19
Leaf 3 tip,Metabolite,GRMZM2G153945,9
Leaf 3 tip,Metabolite,GRMZM2G155729,31
Leaf 3 tip,Metabolite,GRMZM2G156026,17
Leaf 3 tip,Metabolite,GRMZM2G160710,7
Leaf 3 tip,Metabolite,GRMZM2G161302,15
Leaf 3 tip,Metabolite,GRMZM2G166671,20
Leaf 3 tip,Metabolite,GRMZM2G166767,23
Leaf 3 tip,Metabolite,GRMZM2G169825,8
Leaf 3 tip,Metabolite,GRMZM2G171559,6
Leaf 3 tip,Metabolite,GRMZM2G171604,11
Leaf 3 tip,Metabolite,GRMZM2G172710,1
Leaf 3 tip,Metabolite,GRMZM2G176085,9
Leaf 3 tip,Metabolite,GRMZM2G176998,21
Leaf 3 tip,Metabolite,GRMZM2G177812,14
Leaf 3 tip,Metabolite,GRMZM2G177863,99
Leaf 3 tip,Metabolite,GRMZM2G180419,26
Leaf 3 tip,Metabolite,GRMZM2G181371,15
Leaf 3 tip,Metabolite,GRMZM2G303728,8
Leaf 3 tip,Metabolite,GRMZM2G304745,30
Leaf 3 tip,Metabolite,GRMZM2G306806,2
Leaf 3 tip,Metabolite,GRMZM2G309479,32
Leaf 3 tip,Metabolite,GRMZM2G320298,25
Leaf 3 tip,Metabolite,GRMZM2G320705,10
Leaf 3 tip,Metabolite,GRMZM2G336326,29
Leaf 3 tip,Metabolite,GRMZM2G337594,31
Leaf 3 tip,Metabolite,GRMZM2G345700,6
Leaf 3 tip,Metabolite,GRMZM2G351330,12
Leaf 3 tip,Metabolite,GRMZM2G356817,37
Leaf 3 tip,Metabolite,GRMZM2G359952,25
Leaf 3 tip,Metabolite,GRMZM2G373396,16
Leaf 3 tip,Metabolite,GRMZM2G375002,248
Leaf 3 tip,Metabolite,GRMZM2G382323,44
Leaf 3 tip,Metabolite,GRMZM2G398668,31
Leaf 3 tip,Metabolite,GRMZM2G401062,21
Leaf 3 tip,Metabolite,GRMZM2G402417,8
Leaf 3 tip,Metabolite,GRMZM2G403590,49
Leaf 3 tip,Metabolite,GRMZM2G405474,33
Leaf 3 tip,Metabolite,GRMZM2G408703,21
Leaf 3 tip,Metabolite,GRMZM2G409635,28
Leaf 3 tip,Metabolite,GRMZM2G414141,18
Leaf 3 tip,Metabolite,GRMZM2G422303,8
Leaf 3 tip,Metabolite,GRMZM2G429842,10
Leaf 3 tip,Metabolite,GRMZM2G430807,10
Leaf 3 tip,Metabolite,GRMZM2G448701,18
Leaf 3 tip,Metabolite,GRMZM2G459052,25
Leaf 3 tip,Metabolite,GRMZM2G460566,12
Leaf 3 tip,Metabolite,GRMZM2G463904,26
Leaf 3 tip,Metabolite,GRMZM2G464985,39
Leaf 3 tip,Metabolite,GRMZM2G468661,13
Leaf 3 tip,Metabolite,GRMZM2G469175,44
Leaf 3 tip,Metabolite,GRMZM2G473310,10
Leaf 3 tip,Metabolite,GRMZM2G473511,29
Leaf 3 tip,Metabolite,GRMZM2G477325,12
Leaf 3 tip,Metabolite,GRMZM2G481103,88
Leaf 3 tip,Metabolite,GRMZM2G481362,40
Leaf 3 tip,Metabolite,GRMZM5G813124,23
Leaf 3 tip,Metabolite,GRMZM5G819919,23
Leaf 3 tip,Metabolite,GRMZM5G831577,30
Leaf 3 tip,Metabolite,GRMZM5G866910,25
Leaf 3 tip,Metabolite,GRMZM5G882821,3
Leaf 3 tip,Metabolite,GRMZM5G891656,26
Leaf 3 tip,Metabolite,GRMZM5G896756,59
Leaf 3 tip,Metabolite,GRMZM6G810942,26
Leaf 3 tip,Metabolite,GRMZM6G911845,24
Leaf 3 tip,Metabolite,zma.MIR528a,2
Leaf 3 tip,Morphology,AC148152.3_FG005,102
Leaf 3 tip,Morphology,AC148152.3_FG008,6
Leaf 3 tip,Morphology,AC149818.2_FG006,33
Leaf 3 tip,Morphology,AC198353.5_FG004,49
Leaf 3 tip,Morphology,AC215260.3_FG004,25
Leaf 3 tip,Morphology,GRMZM2G002420,35
Leaf 3 tip,Morphology,GRMZM2G002606,23
Leaf 3 tip,Morphology,GRMZM2G003640,12
Leaf 3 tip,Morphology,GRMZM2G004157,4
Leaf 3 tip,Morphology,GRMZM2G004683,8
Leaf 3 tip,Morphology,GRMZM2G006753,19
Leaf 3 tip,Morphology,GRMZM2G007188,5
Leaf 3 tip,Morphology,GRMZM2G008247,23
Leaf 3 tip,Morphology,GRMZM2G010823,6
Leaf 3 tip,Morphology,GRMZM2G012685,38
Leaf 3 tip,Morphology,GRMZM2G015067,50
Leaf 3 tip,Morphology,GRMZM2G017894,14
Leaf 3 tip,Morphology,GRMZM2G018955,14
Leaf 3 tip,Morphology,GRMZM2G020928,19
Leaf 3 tip,Morphology,GRMZM2G023059,37
Leaf 3 tip,Morphology,GRMZM2G023946,14
Leaf 3 tip,Morphology,GRMZM2G024437,5
Leaf 3 tip,Morphology,GRMZM2G025742,25
Leaf 3 tip,Morphology,GRMZM2G027021,9
Leaf 3 tip,Morphology,GRMZM2G033515,39
Leaf 3 tip,Morphology,GRMZM2G040991,13
Leaf 3 tip,Morphology,GRMZM2G048434,9
Leaf 3 tip,Morphology,GRMZM2G048910,8
Leaf 3 tip,Morphology,GRMZM2G050933,20
Leaf 3 tip,Morphology,GRMZM2G054663,29
Leaf 3 tip,Morphology,GRMZM2G055660,24
Leaf 3 tip,Morphology,GRMZM2G064197,20
Leaf 3 tip,Morphology,GRMZM2G068382,20
Leaf 3 tip,Morphology,GRMZM2G072298,19
Leaf 3 tip,Morphology,GRMZM2G073826,19
Leaf 3 tip,Morphology,GRMZM2G075562,29
Leaf 3 tip,Morphology,GRMZM2G077197,28
Leaf 3 tip,Morphology,GRMZM2G080168,20
Leaf 3 tip,Morphology,GRMZM2G081239,40
Leaf 3 tip,Morphology,GRMZM2G081848,16
Leaf 3 tip,Morphology,GRMZM2G087806,4
Leaf 3 tip,Morphology,GRMZM2G094050,26
Leaf 3 tip,Morphology,GRMZM2G095807,155
Leaf 3 tip,Morphology,GRMZM2G101769,16
Leaf 3 tip,Morphology,GRMZM2G103805,27
Leaf 3 tip,Morphology,GRMZM2G103840,17
Leaf 3 tip,Morphology,GRMZM2G103884,37
Leaf 3 tip,Morphology,GRMZM2G108530,19
Leaf 3 tip,Morphology,GRMZM2G110109,7
Leaf 3 tip,Morphology,GRMZM2G110195,19
Leaf 3 tip,Morphology,GRMZM2G111923,4
Leaf 3 tip,Morphology,GRMZM2G113409,9
Leaf 3 tip,Morphology,GRMZM2G117878,51
Leaf 3 tip,Morphology,GRMZM2G118441,14
Leaf 3 tip,Morphology,GRMZM2G120975,11
Leaf 3 tip,Morphology,GRMZM2G122811,16
Leaf 3 tip,Morphology,GRMZM2G130459,5
Leaf 3 tip,Morphology,GRMZM2G131070,49
Leaf 3 tip,Morphology,GRMZM2G133573,19
Leaf 3 tip,Morphology,GRMZM2G135095,13
Leaf 3 tip,Morphology,GRMZM2G137593,14
Leaf 3 tip,Morphology,GRMZM2G139284,7
Leaf 3 tip,Morphology,GRMZM2G142334,26
Leaf 3 tip,Morphology,GRMZM2G143469,52
Leaf 3 tip,Morphology,GRMZM2G145061,4
Leaf 3 tip,Morphology,GRMZM2G153920,23
Leaf 3 tip,Morphology,GRMZM2G154626,26
Leaf 3 tip,Morphology,GRMZM2G155753,22
Leaf 3 tip,Morphology,GRMZM2G159956,6
Leaf 3 tip,Morphology,GRMZM2G160569,4
Leaf 3 tip,Morphology,GRMZM2G162537,2
Leaf 3 tip,Morphology,GRMZM2G166348,23
Leaf 3 tip,Morphology,GRMZM2G168917,23
Leaf 3 tip,Morphology,GRMZM2G170400,46
Leaf 3 tip,Morphology,GRMZM2G170602,8
Leaf 3 tip,Morphology,GRMZM2G170742,23
Leaf 3 tip,Morphology,GRMZM2G172159,38
Leaf 3 tip,Morphology,GRMZM2G173563,75
Leaf 3 tip,Morphology,GRMZM2G178209,1
Leaf 3 tip,Morphology,GRMZM2G309970,11
Leaf 3 tip,Morphology,GRMZM2G313553,6
Leaf 3 tip,Morphology,GRMZM2G331701,29
Leaf 3 tip,Morphology,GRMZM2G341934,14
Leaf 3 tip,Morphology,GRMZM2G343543,28
Leaf 3 tip,Morphology,GRMZM2G356938,17
Leaf 3 tip,Morphology,GRMZM2G361993,21
Leaf 3 tip,Morphology,GRMZM2G375002,22
Leaf 3 tip,Morphology,GRMZM2G400135,4
Leaf 3 tip,Morphology,GRMZM2G403915,7
Leaf 3 tip,Morphology,GRMZM2G406014,20
Leaf 3 tip,Morphology,GRMZM2G414141,18
Leaf 3 tip,Morphology,GRMZM2G418689,21
Leaf 3 tip,Morphology,GRMZM2G420758,12
Leaf 3 tip,Morphology,GRMZM2G430455,15
Leaf 3 tip,Morphology,GRMZM2G432560,18
Leaf 3 tip,Morphology,GRMZM2G438400,23
Leaf 3 tip,Morphology,GRMZM2G463904,29
Leaf 3 tip,Morphology,GRMZM2G466298,5
Leaf 3 tip,Morphology,GRMZM2G467435,6
Leaf 3 tip,Morphology,GRMZM2G544469,103
Leaf 3 tip,Morphology,GRMZM2G704093,23
Leaf 3 tip,Morphology,GRMZM5G813892,20
Leaf 3 tip,Morphology,GRMZM5G816453,16
Leaf 3 tip,Morphology,GRMZM5G817037,8
Leaf 3 tip,Morphology,GRMZM5G834837,21
Leaf 3 tip,Morphology,GRMZM5G856653,9
Leaf 3 tip,Morphology,GRMZM5G893649,14
Adult leaf during the day,Metabolite,AC148152.3_FG008,33
Adult leaf during the day,Metabolite,AC148167.6_FG001,11
Adult leaf during the day,Metabolite,AC149475.2_FG003,93
Adult leaf during the day,Metabolite,AC233960.1_FG003,5
Adult leaf during the day,Metabolite,AC234526.1_FG005,4
Adult leaf during the day,Metabolite,GRMZM2G005461,9
Adult leaf during the day,Metabolite,GRMZM2G021035,14
Adult leaf during the day,Metabolite,GRMZM2G022563,7
Adult leaf during the day,Metabolite,GRMZM2G024733,15
Adult leaf during the day,Metabolite,GRMZM2G035150,4
Adult leaf during the day,Metabolite,GRMZM2G035248,18
Adult leaf during the day,Metabolite,GRMZM2G045690,3
Adult leaf during the day,Metabolite,GRMZM2G049057,14
Adult leaf during the day,Metabolite,GRMZM2G050984,19
Adult leaf during the day,Metabolite,GRMZM2G052507,62
Adult leaf during the day,Metabolite,GRMZM2G054152,2
Adult leaf during the day,Metabolite,GRMZM2G065804,6
Adult leaf during the day,Metabolite,GRMZM2G074053,29
Adult leaf during the day,Metabolite,GRMZM2G077845,6
Adult leaf during the day,Metabolite,GRMZM2G080450,5
Adult leaf during the day,Metabolite,GRMZM2G085266,6
Adult leaf during the day,Metabolite,GRMZM2G088482,7
Adult leaf during the day,Metabolite,GRMZM2G092000,6
Adult leaf during the day,Metabolite,GRMZM2G093826,2
Adult leaf during the day,Metabolite,GRMZM2G096355,5
Adult leaf during the day,Metabolite,GRMZM2G100246,31
Adult leaf during the day,Metabolite,GRMZM2G103166,9
Adult leaf during the day,Metabolite,GRMZM2G105494,12
Adult leaf during the day,Metabolite,GRMZM2G106945,6
Adult leaf during the day,Metabolite,GRMZM2G115598,32
Adult leaf during the day,Metabolite,GRMZM2G117064,11
Adult leaf during the day,Metabolite,GRMZM2G121404,16
Adult leaf during the day,Metabolite,GRMZM2G127067,8
Adult leaf during the day,Metabolite,GRMZM2G129311,10
Adult leaf during the day,Metabolite,GRMZM2G131793,4
Adult leaf during the day,Metabolite,GRMZM2G138676,7
Adult leaf during the day,Metabolite,GRMZM2G140998,7
Adult leaf during the day,Metabolite,GRMZM2G141034,14
Adult leaf during the day,Metabolite,GRMZM2G145065,19
Adult leaf during the day,Metabolite,GRMZM2G147408,90
Adult leaf during the day,Metabolite,GRMZM2G153017,22
Adult leaf during the day,Metabolite,GRMZM2G156026,38
Adult leaf during the day,Metabolite,GRMZM2G159956,6
Adult leaf during the day,Metabolite,GRMZM2G162154,25
Adult leaf during the day,Metabolite,GRMZM2G165949,11
Adult leaf during the day,Metabolite,GRMZM2G171324,5
Adult leaf during the day,Metabolite,GRMZM2G179253,65
Adult leaf during the day,Metabolite,GRMZM2G179336,3
Adult leaf during the day,Metabolite,GRMZM2G180903,53
Adult leaf during the day,Metabolite,GRMZM2G340527,1
Adult leaf during the day,Metabolite,GRMZM2G362857,19
Adult leaf during the day,Metabolite,GRMZM2G377311,16
Adult leaf during the day,Metabolite,GRMZM2G430807,54
Adult leaf during the day,Metabolite,GRMZM2G446218,35
Adult leaf during the day,Metabolite,GRMZM2G456059,3
Adult leaf during the day,Metabolite,GRMZM2G469477,66
Adult leaf during the day,Metabolite,GRMZM2G470981,87
Adult leaf during the day,Metabolite,GRMZM2G495626,90
Adult leaf during the day,Metabolite,GRMZM2G544469,30
Adult leaf during the day,Metabolite,GRMZM2G575305,18
Adult leaf during the day,Metabolite,GRMZM2G700788,12
Adult leaf during the day,Metabolite,GRMZM5G834697,4
Adult leaf during the day,Metabolite,GRMZM5G845129,23
Adult leaf during the day,Metabolite,GRMZM5G881135,13
Adult leaf during the day,Metabolite,GRMZM6G427659,14
Adult leaf during the day,Morphology,AC148152.3_FG008,4
Adult leaf during the day,Morphology,AC149810.2_FG008,18
Adult leaf during the day,Morphology,AC204611.4_FG001,129
Adult leaf during the day,Morphology,AC207722.2_FG009,17
Adult leaf during the day,Morphology,GRMZM2G000326,12
Adult leaf during the day,Morphology,GRMZM2G008410,4
Adult leaf during the day,Morphology,GRMZM2G010054,76
Adult leaf during the day,Morphology,GRMZM2G017159,23
Adult leaf during the day,Morphology,GRMZM2G017923,14
Adult leaf during the day,Morphology,GRMZM2G020148,100
Adult leaf during the day,Morphology,GRMZM2G021802,24
Adult leaf during the day,Morphology,GRMZM2G025882,14
Adult leaf during the day,Morphology,GRMZM2G032218,24
Adult leaf during the day,Morphology,GRMZM2G040209,7
Adult leaf during the day,Morphology,GRMZM2G043995,2
Adult leaf during the day,Morphology,GRMZM2G047474,3
Adult leaf during the day,Morphology,GRMZM2G055037,3
Adult leaf during the day,Morphology,GRMZM2G057698,9
Adult leaf during the day,Morphology,GRMZM2G062541,7
Adult leaf during the day,Morphology,GRMZM2G072117,9
Adult leaf during the day,Morphology,GRMZM2G074689,3
Adult leaf during the day,Morphology,GRMZM2G077420,26
Adult leaf during the day,Morphology,GRMZM2G083076,9
Adult leaf during the day,Morphology,GRMZM2G095280,93
Adult leaf during the day,Morphology,GRMZM2G102915,9
Adult leaf during the day,Morphology,GRMZM2G104012,1
Adult leaf during the day,Morphology,GRMZM2G104613,14
Adult leaf during the day,Morphology,GRMZM2G106356,4
Adult leaf during the day,Morphology,GRMZM2G111204,3
Adult leaf during the day,Morphology,GRMZM2G114801,65
Adult leaf during the day,Morphology,GRMZM2G115905,3
Adult leaf during the day,Morphology,GRMZM2G117401,6
Adult leaf during the day,Morphology,GRMZM2G118062,6
Adult leaf during the day,Morphology,GRMZM2G119345,16
Adult leaf during the day,Morphology,GRMZM2G121229,3
Adult leaf during the day,Morphology,GRMZM2G128771,1
Adult leaf during the day,Morphology,GRMZM2G130305,15
Adult leaf during the day,Morphology,GRMZM2G130699,9
Adult leaf during the day,Morphology,GRMZM2G145065,10
Adult leaf during the day,Morphology,GRMZM2G147335,5
Adult leaf during the day,Morphology,GRMZM2G147408,122
Adult leaf during the day,Morphology,GRMZM2G147459,3
Adult leaf during the day,Morphology,GRMZM2G155565,51
Adult leaf during the day,Morphology,GRMZM2G160452,2
Adult leaf during the day,Morphology,GRMZM2G162453,21
Adult leaf during the day,Morphology,GRMZM2G163159,31
Adult leaf during the day,Morphology,GRMZM2G165231,3
Adult leaf during the day,Morphology,GRMZM2G180262,41
Adult leaf during the day,Morphology,GRMZM2G304362,16
Adult leaf during the day,Morphology,GRMZM2G312839,1
Adult leaf during the day,Morphology,GRMZM2G321778,3
Adult leaf during the day,Morphology,GRMZM2G353905,142
Adult leaf during the day,Morphology,GRMZM2G378121,53
Adult leaf during the day,Morphology,GRMZM2G420357,18
Adult leaf during the day,Morphology,GRMZM2G420723,3
Adult leaf during the day,Morphology,GRMZM2G483779,24
Adult leaf during the day,Morphology,GRMZM5G811674,1
Adult leaf during the day,Morphology,GRMZM5G827174,5
Adult leaf during the day,Morphology,GRMZM5G871262,66
Adult leaf during the day,Morphology,GRMZM5G884432,19
Adult leaf during the day,Morphology,GRMZM5G893764,1
Adult leaf during the day,Morphology,GRMZM6G399977,4
Adult leaf during the day,Morphology,GRMZM6G945840,33
Adult leaf at night,Metabolite,AC148167.6_FG001,41
Adult leaf at night,Metabolite,AC149475.2_FG003,15
Adult leaf at night,Metabolite,AC149818.2_FG001,38
Adult leaf at night,Metabolite,AC210848.3_FG004,103
Adult leaf at night,Metabolite,AC233883.1_FG006,62
Adult leaf at night,Metabolite,EF517601.1_FG025,2
Adult leaf at night,Metabolite,GRMZM2G001024,5
Adult leaf at night,Metabolite,GRMZM2G007757,3
Adult leaf at night,Metabolite,GRMZM2G009232,18
Adult leaf at night,Metabolite,GRMZM2G010433,22
Adult leaf at night,Metabolite,GRMZM2G013324,7
Adult leaf at night,Metabolite,GRMZM2G022347,23
Adult leaf at night,Metabolite,GRMZM2G036365,22
Adult leaf at night,Metabolite,GRMZM2G037882,26
Adult leaf at night,Metabolite,GRMZM2G041418,2
Adult leaf at night,Metabolite,GRMZM2G041463,22
Adult leaf at night,Metabolite,GRMZM2G044788,108
Adult leaf at night,Metabolite,GRMZM2G048411,61
Adult leaf at night,Metabolite,GRMZM2G048644,2
Adult leaf at night,Metabolite,GRMZM2G059706,51
Adult leaf at night,Metabolite,GRMZM2G061783,1
Adult leaf at night,Metabolite,GRMZM2G069476,9
Adult leaf at night,Metabolite,GRMZM2G075943,18
Adult leaf at night,Metabolite,GRMZM2G085198,17
Adult leaf at night,Metabolite,GRMZM2G086761,3
Adult leaf at night,Metabolite,GRMZM2G088132,73
Adult leaf at night,Metabolite,GRMZM2G089948,1
Adult leaf at night,Metabolite,GRMZM2G090872,15
Adult leaf at night,Metabolite,GRMZM2G097967,19
Adult leaf at night,Metabolite,GRMZM2G102802,8
Adult leaf at night,Metabolite,GRMZM2G102845,43
Adult leaf at night,Metabolite,GRMZM2G108225,49
Adult leaf at night,Metabolite,GRMZM2G115598,114
Adult leaf at night,Metabolite,GRMZM2G116908,1
Adult leaf at night,Metabolite,GRMZM2G121312,56
Adult leaf at night,Metabolite,GRMZM2G129114,6
Adult leaf at night,Metabolite,GRMZM2G129987,24
Adult leaf at night,Metabolite,GRMZM2G132568,18
Adult leaf at night,Metabolite,GRMZM2G134044,28
Adult leaf at night,Metabolite,GRMZM2G134308,1
Adult leaf at night,Metabolite,GRMZM2G135960,13
Adult leaf at night,Metabolite,GRMZM2G138589,5
Adult leaf at night,Metabolite,GRMZM2G139880,11
Adult leaf at night,Metabolite,GRMZM2G140651,31
Adult leaf at night,Metabolite,GRMZM2G144581,4
Adult leaf at night,Metabolite,GRMZM2G144841,30
Adult leaf at night,Metabolite,GRMZM2G147221,24
Adult leaf at night,Metabolite,GRMZM2G148249,11
Adult leaf at night,Metabolite,GRMZM2G150264,2
Adult leaf at night,Metabolite,GRMZM2G153611,35
Adult leaf at night,Metabolite,GRMZM2G153961,15
Adult leaf at night,Metabolite,GRMZM2G155767,25
Adult leaf at night,Metabolite,GRMZM2G157522,21
Adult leaf at night,Metabolite,GRMZM2G159119,11
Adult leaf at night,Metabolite,GRMZM2G160515,22
Adult leaf at night,Metabolite,GRMZM2G161004,91
Adult leaf at night,Metabolite,GRMZM2G161521,17
Adult leaf at night,Metabolite,GRMZM2G164761,18
Adult leaf at night,Metabolite,GRMZM2G171423,5
Adult leaf at night,Metabolite,GRMZM2G172098,12
Adult leaf at night,Metabolite,GRMZM2G175860,38
Adult leaf at night,Metabolite,GRMZM2G177213,3
Adult leaf at night,Metabolite,GRMZM2G177340,18
Adult leaf at night,Metabolite,GRMZM2G179507,41
Adult leaf at night,Metabolite,GRMZM2G305060,111
Adult leaf at night,Metabolite,GRMZM2G318213,21
Adult leaf at night,Metabolite,GRMZM2G318860,10
Adult leaf at night,Metabolite,GRMZM2G322819,10
Adult leaf at night,Metabolite,GRMZM2G323287,38
Adult leaf at night,Metabolite,GRMZM2G344521,7
Adult leaf at night,Metabolite,GRMZM2G355773,15
Adult leaf at night,Metabolite,GRMZM2G366142,6
Adult leaf at night,Metabolite,GRMZM2G387383,16
Adult leaf at night,Metabolite,GRMZM2G403149,34
Adult leaf at night,Metabolite,GRMZM2G404025,7
Adult leaf at night,Metabolite,GRMZM2G429955,16
Adult leaf at night,Metabolite,GRMZM2G447691,8
Adult leaf at night,Metabolite,GRMZM5G815851,29
Adult leaf at night,Metabolite,GRMZM5G824137,13
Adult leaf at night,Metabolite,GRMZM5G850092,15
Adult leaf at night,Metabolite,GRMZM5G851485,8
Adult leaf at night,Metabolite,GRMZM5G861800,1
Adult leaf at night,Metabolite,GRMZM5G864847,68
Adult leaf at night,Morphology,AC148152.3_FG008,13
Adult leaf at night,Morphology,AC148167.6_FG001,194
Adult leaf at night,Morphology,AC149475.2_FG003,1
Adult leaf at night,Morphology,AC210199.4_FG003,5
Adult leaf at night,Morphology,AC233936.1_FG003,2
Adult leaf at night,Morphology,GRMZM2G000909,3
Adult leaf at night,Morphology,GRMZM2G002756,7
Adult leaf at night,Morphology,GRMZM2G003124,4
Adult leaf at night,Morphology,GRMZM2G005080,3
Adult leaf at night,Morphology,GRMZM2G005640,7
Adult leaf at night,Morphology,GRMZM2G005791,5
Adult leaf at night,Morphology,GRMZM2G008607,7
Adult leaf at night,Morphology,GRMZM2G011469,51
Adult leaf at night,Morphology,GRMZM2G012628,4
Adult leaf at night,Morphology,GRMZM2G013378,25
Adult leaf at night,Morphology,GRMZM2G014580,13
Adult leaf at night,Morphology,GRMZM2G025703,6
Adult leaf at night,Morphology,GRMZM2G025742,27
Adult leaf at night,Morphology,GRMZM2G027166,4
Adult leaf at night,Morphology,GRMZM2G029506,1
Adult leaf at night,Morphology,GRMZM2G030713,1
Adult leaf at night,Morphology,GRMZM2G031536,5
Adult leaf at night,Morphology,GRMZM2G037128,13
Adult leaf at night,Morphology,GRMZM2G040207,3
Adult leaf at night,Morphology,GRMZM2G041842,4
Adult leaf at night,Morphology,GRMZM2G050305,3
Adult leaf at night,Morphology,GRMZM2G054225,9
Adult leaf at night,Morphology,GRMZM2G056697,12
Adult leaf at night,Morphology,GRMZM2G058133,2
Adult leaf at night,Morphology,GRMZM2G061885,3
Adult leaf at night,Morphology,GRMZM2G065073,20
Adult leaf at night,Morphology,GRMZM2G066290,28
Adult leaf at night,Morphology,GRMZM2G067865,2
Adult leaf at night,Morphology,GRMZM2G080056,7
Adult leaf at night,Morphology,GRMZM2G082330,3
Adult leaf at night,Morphology,GRMZM2G090043,30
Adult leaf at night,Morphology,GRMZM2G092588,35
Adult leaf at night,Morphology,GRMZM2G094390,20
Adult leaf at night,Morphology,GRMZM2G099297,5
Adult leaf at night,Morphology,GRMZM2G100641,44
Adult leaf at night,Morphology,GRMZM2G104316,1
Adult leaf at night,Morphology,GRMZM2G108487,4
Adult leaf at night,Morphology,GRMZM2G114667,3
Adult leaf at night,Morphology,GRMZM2G118005,7
Adult leaf at night,Morphology,GRMZM2G118286,7
Adult leaf at night,Morphology,GRMZM2G123119,2
Adult leaf at night,Morphology,GRMZM2G123719,21
Adult leaf at night,Morphology,GRMZM2G132633,6
Adult leaf at night,Morphology,GRMZM2G138421,6
Adult leaf at night,Morphology,GRMZM2G146192,7
Adult leaf at night,Morphology,GRMZM2G147191,9
Adult leaf at night,Morphology,GRMZM2G148194,1
Adult leaf at night,Morphology,GRMZM2G152179,23
Adult leaf at night,Morphology,GRMZM2G158595,2
Adult leaf at night,Morphology,GRMZM2G164814,1
Adult leaf at night,Morphology,GRMZM2G164862,4
Adult leaf at night,Morphology,GRMZM2G171600,6
Adult leaf at night,Morphology,GRMZM2G172427,5
Adult leaf at night,Morphology,GRMZM2G174917,5
Adult leaf at night,Morphology,GRMZM2G175031,24
Adult leaf at night,Morphology,GRMZM2G180435,16
Adult leaf at night,Morphology,GRMZM2G320399,7
Adult leaf at night,Morphology,GRMZM2G340065,34
Adult leaf at night,Morphology,GRMZM2G344388,5
Adult leaf at night,Morphology,GRMZM2G349603,30
Adult leaf at night,Morphology,GRMZM2G359505,7
Adult leaf at night,Morphology,GRMZM2G378906,6
Adult leaf at night,Morphology,GRMZM2G391831,4
Adult leaf at night,Morphology,GRMZM2G398500,5
Adult leaf at night,Morphology,GRMZM2G414528,4
Adult leaf at night,Morphology,GRMZM2G425920,28
Adult leaf at night,Morphology,GRMZM2G428356,3
Adult leaf at night,Morphology,GRMZM2G429759,20
Adult leaf at night,Morphology,GRMZM2G477221,29
Adult leaf at night,Morphology,GRMZM2G700788,35
Adult leaf at night,Morphology,GRMZM5G865298,6
Germinating Root,Microbiome,AC148152.3_FG005,96
Germinating Root,Microbiome,AC203865.3_FG001,12
Germinating Root,Microbiome,AC225185.3_FG004,19
Germinating Root,Microbiome,AC231180.2_FG001,10
Germinating Root,Microbiome,GRMZM2G001956,25
Germinating Root,Microbiome,GRMZM2G009009,10
Germinating Root,Microbiome,GRMZM2G009724,7
Germinating Root,Microbiome,GRMZM2G011219,28
Germinating Root,Microbiome,GRMZM2G017647,26
Germinating Root,Microbiome,GRMZM2G017923,10
Germinating Root,Microbiome,GRMZM2G019567,9
Germinating Root,Microbiome,GRMZM2G022359,13
Germinating Root,Microbiome,GRMZM2G027068,6
Germinating Root,Microbiome,GRMZM2G029258,26
Germinating Root,Microbiome,GRMZM2G031053,15
Germinating Root,Microbiome,GRMZM2G031991,20
Germinating Root,Microbiome,GRMZM2G037200,23
Germinating Root,Microbiome,GRMZM2G039886,15
Germinating Root,Microbiome,GRMZM2G040627,20
Germinating Root,Microbiome,GRMZM2G042604,19
Germinating Root,Microbiome,GRMZM2G043932,14
Germinating Root,Microbiome,GRMZM2G044060,14
Germinating Root,Microbiome,GRMZM2G046025,31
Germinating Root,Microbiome,GRMZM2G046474,12
Germinating Root,Microbiome,GRMZM2G052418,37
Germinating Root,Microbiome,GRMZM2G059110,13
Germinating Root,Microbiome,GRMZM2G059845,10
Germinating Root,Microbiome,GRMZM2G061980,16
Germinating Root,Microbiome,GRMZM2G066029,20
Germinating Root,Microbiome,GRMZM2G068322,15
Germinating Root,Microbiome,GRMZM2G068323,11
Germinating Root,Microbiome,GRMZM2G077490,19
Germinating Root,Microbiome,GRMZM2G077498,8
Germinating Root,Microbiome,GRMZM2G096877,5
Germinating Root,Microbiome,GRMZM2G100858,33
Germinating Root,Microbiome,GRMZM2G101117,24
Germinating Root,Microbiome,GRMZM2G114234,16
Germinating Root,Microbiome,GRMZM2G115564,21
Germinating Root,Microbiome,GRMZM2G116185,21
Germinating Root,Microbiome,GRMZM2G116971,16
Germinating Root,Microbiome,GRMZM2G120574,8
Germinating Root,Microbiome,GRMZM2G123089,9
Germinating Root,Microbiome,GRMZM2G124532,34
Germinating Root,Microbiome,GRMZM2G126946,29
Germinating Root,Microbiome,GRMZM2G130278,31
Germinating Root,Microbiome,GRMZM2G130749,19
Germinating Root,Microbiome,GRMZM2G138410,19
Germinating Root,Microbiome,GRMZM2G141858,13
Germinating Root,Microbiome,GRMZM2G143998,16
Germinating Root,Microbiome,GRMZM2G145112,8
Germinating Root,Microbiome,GRMZM2G145578,22
Germinating Root,Microbiome,GRMZM2G146012,41
Germinating Root,Microbiome,GRMZM2G147619,9
Germinating Root,Microbiome,GRMZM2G148167,7
Germinating Root,Microbiome,GRMZM2G149289,8
Germinating Root,Microbiome,GRMZM2G150242,17
Germinating Root,Microbiome,GRMZM2G152373,33
Germinating Root,Microbiome,GRMZM2G153178,19
Germinating Root,Microbiome,GRMZM2G159538,8
Germinating Root,Microbiome,GRMZM2G161242,31
Germinating Root,Microbiome,GRMZM2G162968,16
Germinating Root,Microbiome,GRMZM2G164304,6
Germinating Root,Microbiome,GRMZM2G169615,15
Germinating Root,Microbiome,GRMZM2G177098,18
Germinating Root,Microbiome,GRMZM2G178826,24
Germinating Root,Microbiome,GRMZM2G305167,14
Germinating Root,Microbiome,GRMZM2G306935,7
Germinating Root,Microbiome,GRMZM2G315125,22
Germinating Root,Microbiome,GRMZM2G359566,63
Germinating Root,Microbiome,GRMZM2G401026,12
Germinating Root,Microbiome,GRMZM2G412373,22
Germinating Root,Microbiome,GRMZM2G431288,16
Germinating Root,Microbiome,GRMZM2G440543,14
Germinating Root,Microbiome,GRMZM2G448282,22
Germinating Root,Microbiome,GRMZM2G455476,23
Germinating Root,Microbiome,GRMZM2G478370,37
Germinating Root,Microbiome,GRMZM2G547542,11
Germinating Root,Microbiome,GRMZM2G701801,30
Germinating Root,Microbiome,GRMZM5G826763,11
Germinating Root,Microbiome,GRMZM5G836174,6
Germinating Root,Microbiome,GRMZM5G836628,18
Germinating Shoot,Microbiome,AC149475.2_FG002,13
Germinating Shoot,Microbiome,AC185415.3_FG005,14
Germinating Shoot,Microbiome,AC213099.3_FG002,7
Germinating Shoot,Microbiome,AC214648.3_FG003,28
Germinating Shoot,Microbiome,GRMZM2G004480,20
Germinating Shoot,Microbiome,GRMZM2G006363,50
Germinating Shoot,Microbiome,GRMZM2G008710,14
Germinating Shoot,Microbiome,GRMZM2G014106,9
Germinating Shoot,Microbiome,GRMZM2G015908,3
Germinating Shoot,Microbiome,GRMZM2G016866,18
Germinating Shoot,Microbiome,GRMZM2G018369,24
Germinating Shoot,Microbiome,GRMZM2G021410,7
Germinating Shoot,Microbiome,GRMZM2G021706,81
Germinating Shoot,Microbiome,GRMZM2G023239,21
Germinating Shoot,Microbiome,GRMZM2G023575,13
Germinating Shoot,Microbiome,GRMZM2G024437,11
Germinating Shoot,Microbiome,GRMZM2G025182,13
Germinating Shoot,Microbiome,GRMZM2G026447,7
Germinating Shoot,Microbiome,GRMZM2G028763,10
Germinating Shoot,Microbiome,GRMZM2G043238,6
Germinating Shoot,Microbiome,GRMZM2G044038,66
Germinating Shoot,Microbiome,GRMZM2G045249,22
Germinating Shoot,Microbiome,GRMZM2G045844,14
Germinating Shoot,Microbiome,GRMZM2G046186,17
Germinating Shoot,Microbiome,GRMZM2G046474,8
Germinating Shoot,Microbiome,GRMZM2G046583,26
Germinating Shoot,Microbiome,GRMZM2G046824,15
Germinating Shoot,Microbiome,GRMZM2G048092,21
Germinating Shoot,Microbiome,GRMZM2G049641,15
Germinating Shoot,Microbiome,GRMZM2G052268,17
Germinating Shoot,Microbiome,GRMZM2G055450,16
Germinating Shoot,Microbiome,GRMZM2G057091,23
Germinating Shoot,Microbiome,GRMZM2G057296,16
Germinating Shoot,Microbiome,GRMZM2G058573,26
Germinating Shoot,Microbiome,GRMZM2G061472,9
Germinating Shoot,Microbiome,GRMZM2G064638,11
Germinating Shoot,Microbiome,GRMZM2G068151,21
Germinating Shoot,Microbiome,GRMZM2G068328,14
Germinating Shoot,Microbiome,GRMZM2G069009,22
Germinating Shoot,Microbiome,GRMZM2G071166,8
Germinating Shoot,Microbiome,GRMZM2G071468,26
Germinating Shoot,Microbiome,GRMZM2G073591,24
Germinating Shoot,Microbiome,GRMZM2G073750,13
Germinating Shoot,Microbiome,GRMZM2G074024,14
Germinating Shoot,Microbiome,GRMZM2G074114,15
Germinating Shoot,Microbiome,GRMZM2G078204,9
Germinating Shoot,Microbiome,GRMZM2G078757,13
Germinating Shoot,Microbiome,GRMZM2G080930,25
Germinating Shoot,Microbiome,GRMZM2G081554,30
Germinating Shoot,Microbiome,GRMZM2G082335,9
Germinating Shoot,Microbiome,GRMZM2G082508,8
Germinating Shoot,Microbiome,GRMZM2G084513,16
Germinating Shoot,Microbiome,GRMZM2G087678,13
Germinating Shoot,Microbiome,GRMZM2G088132,23
Germinating Shoot,Microbiome,GRMZM2G090747,31
Germinating Shoot,Microbiome,GRMZM2G094978,10
Germinating Shoot,Microbiome,GRMZM2G095655,8
Germinating Shoot,Microbiome,GRMZM2G096389,16
Germinating Shoot,Microbiome,GRMZM2G098227,11
Germinating Shoot,Microbiome,GRMZM2G099820,35
Germinating Shoot,Microbiome,GRMZM2G106479,16
Germinating Shoot,Microbiome,GRMZM2G107092,25
Germinating Shoot,Microbiome,GRMZM2G109480,5
Germinating Shoot,Microbiome,GRMZM2G111123,29
Germinating Shoot,Microbiome,GRMZM2G117836,23
Germinating Shoot,Microbiome,GRMZM2G119696,24
Germinating Shoot,Microbiome,GRMZM2G121704,18
Germinating Shoot,Microbiome,GRMZM2G121826,11
Germinating Shoot,Microbiome,GRMZM2G123709,11
Germinating Shoot,Microbiome,GRMZM2G125923,12
Germinating Shoot,Microbiome,GRMZM2G126161,32
Germinating Shoot,Microbiome,GRMZM2G129114,10
Germinating Shoot,Microbiome,GRMZM2G130724,21
Germinating Shoot,Microbiome,GRMZM2G131155,15
Germinating Shoot,Microbiome,GRMZM2G131733,18
Germinating Shoot,Microbiome,GRMZM2G132875,9
Germinating Shoot,Microbiome,GRMZM2G137561,15
Germinating Shoot,Microbiome,GRMZM2G139837,19
Germinating Shoot,Microbiome,GRMZM2G141799,18
Germinating Shoot,Microbiome,GRMZM2G144008,17
Germinating Shoot,Microbiome,GRMZM2G144873,18
Germinating Shoot,Microbiome,GRMZM2G145573,16
Germinating Shoot,Microbiome,GRMZM2G145654,11
Germinating Shoot,Microbiome,GRMZM2G145850,17
Germinating Shoot,Microbiome,GRMZM2G146589,16
Germinating Shoot,Microbiome,GRMZM2G147446,5
Germinating Shoot,Microbiome,GRMZM2G148118,22
Germinating Shoot,Microbiome,GRMZM2G148404,53
Germinating Shoot,Microbiome,GRMZM2G157470,32
Germinating Shoot,Microbiome,GRMZM2G161553,44
Germinating Shoot,Microbiome,GRMZM2G164318,5
Germinating Shoot,Microbiome,GRMZM2G176304,8
Germinating Shoot,Microbiome,GRMZM2G178917,4
Germinating Shoot,Microbiome,GRMZM2G179281,5
Germinating Shoot,Microbiome,GRMZM2G327635,4
Germinating Shoot,Microbiome,GRMZM2G328133,16
Germinating Shoot,Microbiome,GRMZM2G329177,20
Germinating Shoot,Microbiome,GRMZM2G348125,12
Germinating Shoot,Microbiome,GRMZM2G351125,17
Germinating Shoot,Microbiome,GRMZM2G363437,12
Germinating Shoot,Microbiome,GRMZM2G377615,7
Germinating Shoot,Microbiome,GRMZM2G405385,9
Germinating Shoot,Microbiome,GRMZM2G414540,19
Germinating Shoot,Microbiome,GRMZM2G417658,10
Germinating Shoot,Microbiome,GRMZM2G420926,10
Germinating Shoot,Microbiome,GRMZM2G422090,29
Germinating Shoot,Microbiome,GRMZM2G433591,14
Germinating Shoot,Microbiome,GRMZM2G449033,8
Germinating Shoot,Microbiome,GRMZM2G457267,10
Germinating Shoot,Microbiome,GRMZM2G468855,17
Germinating Shoot,Microbiome,GRMZM2G480620,17
Germinating Shoot,Microbiome,GRMZM2G555108,45
Germinating Shoot,Microbiome,GRMZM2G556131,15
Germinating Shoot,Microbiome,GRMZM2G701585,32
Germinating Shoot,Microbiome,GRMZM2G703348,6
Germinating Shoot,Microbiome,GRMZM5G801369,18
Germinating Shoot,Microbiome,GRMZM5G801436,22
Germinating Shoot,Microbiome,GRMZM5G830436,15
Germinating Shoot,Microbiome,GRMZM5G831584,41
Germinating Shoot,Microbiome,GRMZM5G835677,28
Germinating Shoot,Microbiome,GRMZM5G835772,18
Germinating Shoot,Microbiome,GRMZM5G837606,23
Germinating Shoot,Microbiome,GRMZM5G841900,10
Germinating Shoot,Microbiome,GRMZM5G846097,14
Germinating Shoot,Microbiome,GRMZM5G868588,5
Kernels after pollination,Microbiome,AC188023.3_FG005,21
Kernels after pollination,Microbiome,AC190636.3_FG005,8
Kernels after pollination,Microbiome,AC213099.3_FG002,10
Kernels after pollination,Microbiome,GRMZM2G003631,10
Kernels after pollination,Microbiome,GRMZM2G003718,19
Kernels after pollination,Microbiome,GRMZM2G005459,11
Kernels after pollination,Microbiome,GRMZM2G006631,37
Kernels after pollination,Microbiome,GRMZM2G007385,15
Kernels after pollination,Microbiome,GRMZM2G010202,15
Kernels after pollination,Microbiome,GRMZM2G010596,19
Kernels after pollination,Microbiome,GRMZM2G013607,7
Kernels after pollination,Microbiome,GRMZM2G015126,13
Kernels after pollination,Microbiome,GRMZM2G017525,13
Kernels after pollination,Microbiome,GRMZM2G017961,26
Kernels after pollination,Microbiome,GRMZM2G018876,68
Kernels after pollination,Microbiome,GRMZM2G032163,23
Kernels after pollination,Microbiome,GRMZM2G037694,92
Kernels after pollination,Microbiome,GRMZM2G037725,29
Kernels after pollination,Microbiome,GRMZM2G039792,12
Kernels after pollination,Microbiome,GRMZM2G040182,20
Kernels after pollination,Microbiome,GRMZM2G045688,60
Kernels after pollination,Microbiome,GRMZM2G046088,33
Kernels after pollination,Microbiome,GRMZM2G049288,13
Kernels after pollination,Microbiome,GRMZM2G050939,18
Kernels after pollination,Microbiome,GRMZM2G052434,14
Kernels after pollination,Microbiome,GRMZM2G054537,16
Kernels after pollination,Microbiome,GRMZM2G055434,66
Kernels after pollination,Microbiome,GRMZM2G058456,19
Kernels after pollination,Microbiome,GRMZM2G059393,10
Kernels after pollination,Microbiome,GRMZM2G059669,18
Kernels after pollination,Microbiome,GRMZM2G059851,6
Kernels after pollination,Microbiome,GRMZM2G064804,16
Kernels after pollination,Microbiome,GRMZM2G067646,30
Kernels after pollination,Microbiome,GRMZM2G070765,33
Kernels after pollination,Microbiome,GRMZM2G080320,13
Kernels after pollination,Microbiome,GRMZM2G082529,25
Kernels after pollination,Microbiome,GRMZM2G089549,11
Kernels after pollination,Microbiome,GRMZM2G091235,20
Kernels after pollination,Microbiome,GRMZM2G092910,98
Kernels after pollination,Microbiome,GRMZM2G093744,6
Kernels after pollination,Microbiome,GRMZM2G099604,29
Kernels after pollination,Microbiome,GRMZM2G107922,38
Kernels after pollination,Microbiome,GRMZM2G109448,6
Kernels after pollination,Microbiome,GRMZM2G113181,30
Kernels after pollination,Microbiome,GRMZM2G117164,16
Kernels after pollination,Microbiome,GRMZM2G121176,19
Kernels after pollination,Microbiome,GRMZM2G121458,88
Kernels after pollination,Microbiome,GRMZM2G122344,10
Kernels after pollination,Microbiome,GRMZM2G123482,23
Kernels after pollination,Microbiome,GRMZM2G123887,34
Kernels after pollination,Microbiome,GRMZM2G125688,9
Kernels after pollination,Microbiome,GRMZM2G125934,28
Kernels after pollination,Microbiome,GRMZM2G126290,8
Kernels after pollination,Microbiome,GRMZM2G126745,11
Kernels after pollination,Microbiome,GRMZM2G128740,112
Kernels after pollination,Microbiome,GRMZM2G129034,7
Kernels after pollination,Microbiome,GRMZM2G129291,20
Kernels after pollination,Microbiome,GRMZM2G130773,17
Kernels after pollination,Microbiome,GRMZM2G136800,20
Kernels after pollination,Microbiome,GRMZM2G143242,23
Kernels after pollination,Microbiome,GRMZM2G146395,12
Kernels after pollination,Microbiome,GRMZM2G149636,13
Kernels after pollination,Microbiome,GRMZM2G152895,13
Kernels after pollination,Microbiome,GRMZM2G152901,12
Kernels after pollination,Microbiome,GRMZM2G154344,7
Kernels after pollination,Microbiome,GRMZM2G158237,14
Kernels after pollination,Microbiome,GRMZM2G163138,25
Kernels after pollination,Microbiome,GRMZM2G165198,20
Kernels after pollination,Microbiome,GRMZM2G166903,7
Kernels after pollination,Microbiome,GRMZM2G168365,24
Kernels after pollination,Microbiome,GRMZM2G174558,13
Kernels after pollination,Microbiome,GRMZM2G174680,24
Kernels after pollination,Microbiome,GRMZM2G175269,12
Kernels after pollination,Microbiome,GRMZM2G181568,11
Kernels after pollination,Microbiome,GRMZM2G300692,14
Kernels after pollination,Microbiome,GRMZM2G302701,12
Kernels after pollination,Microbiome,GRMZM2G307561,11
Kernels after pollination,Microbiome,GRMZM2G319747,22
Kernels after pollination,Microbiome,GRMZM2G325350,19
Kernels after pollination,Microbiome,GRMZM2G328612,12
Kernels after pollination,Microbiome,GRMZM2G334628,12
Kernels after pollination,Microbiome,GRMZM2G366910,11
Kernels after pollination,Microbiome,GRMZM2G371944,8
Kernels after pollination,Microbiome,GRMZM2G400173,8
Kernels after pollination,Microbiome,GRMZM2G427106,12
Kernels after pollination,Microbiome,GRMZM2G442265,18
Kernels after pollination,Microbiome,GRMZM2G447551,19
Kernels after pollination,Microbiome,GRMZM2G452026,26
Kernels after pollination,Microbiome,GRMZM2G455243,31
Kernels after pollination,Microbiome,GRMZM2G473001,17
Kernels after pollination,Microbiome,GRMZM2G479340,32
Kernels after pollination,Microbiome,GRMZM2G700969,33
Kernels after pollination,Microbiome,GRMZM5G815851,18
Kernels after pollination,Microbiome,GRMZM5G822970,26
Kernels after pollination,Microbiome,GRMZM5G840928,21
Kernels after pollination,Microbiome,GRMZM5G855094,6
Kernels after pollination,Microbiome,GRMZM5G886363,14
Kernels after pollination,Microbiome,GRMZM5G886883,5
Leaf 3 base,Microbiome,AC209374.4_FG002,17
Leaf 3 base,Microbiome,AC213463.3_FG009,36
Leaf 3 base,Microbiome,AC233967.1_FG001,26
Leaf 3 base,Microbiome,GRMZM2G001191,62
Leaf 3 base,Microbiome,GRMZM2G004183,11
Leaf 3 base,Microbiome,GRMZM2G004445,11
Leaf 3 base,Microbiome,GRMZM2G006884,71
Leaf 3 base,Microbiome,GRMZM2G010235,15
Leaf 3 base,Microbiome,GRMZM2G010323,15
Leaf 3 base,Microbiome,GRMZM2G010909,16
Leaf 3 base,Microbiome,GRMZM2G013960,4
Leaf 3 base,Microbiome,GRMZM2G016858,22
Leaf 3 base,Microbiome,GRMZM2G020446,21
Leaf 3 base,Microbiome,GRMZM2G026969,11
Leaf 3 base,Microbiome,GRMZM2G028594,13
Leaf 3 base,Microbiome,GRMZM2G032475,15
Leaf 3 base,Microbiome,GRMZM2G041231,6
Leaf 3 base,Microbiome,GRMZM2G046065,12
Leaf 3 base,Microbiome,GRMZM2G046885,13
Leaf 3 base,Microbiome,GRMZM2G049091,35
Leaf 3 base,Microbiome,GRMZM2G051879,27
Leaf 3 base,Microbiome,GRMZM2G052142,15
Leaf 3 base,Microbiome,GRMZM2G052233,18
Leaf 3 base,Microbiome,GRMZM2G056145,8
Leaf 3 base,Microbiome,GRMZM2G056569,20
Leaf 3 base,Microbiome,GRMZM2G058095,28
Leaf 3 base,Microbiome,GRMZM2G058531,4
Leaf 3 base,Microbiome,GRMZM2G058675,21
Leaf 3 base,Microbiome,GRMZM2G059496,7
Leaf 3 base,Microbiome,GRMZM2G060564,10
Leaf 3 base,Microbiome,GRMZM2G064701,14
Leaf 3 base,Microbiome,GRMZM2G066516,16
Leaf 3 base,Microbiome,GRMZM2G071010,12
Leaf 3 base,Microbiome,GRMZM2G071986,14
Leaf 3 base,Microbiome,GRMZM2G077295,14
Leaf 3 base,Microbiome,GRMZM2G078204,14
Leaf 3 base,Microbiome,GRMZM2G080583,24
Leaf 3 base,Microbiome,GRMZM2G082181,15
Leaf 3 base,Microbiome,GRMZM2G090213,6
Leaf 3 base,Microbiome,GRMZM2G093104,17
Leaf 3 base,Microbiome,GRMZM2G093744,23
Leaf 3 base,Microbiome,GRMZM2G096092,21
Leaf 3 base,Microbiome,GRMZM2G103119,9
Leaf 3 base,Microbiome,GRMZM2G106798,16
Leaf 3 base,Microbiome,GRMZM2G106906,15
Leaf 3 base,Microbiome,GRMZM2G113781,17
Leaf 3 base,Microbiome,GRMZM2G114895,15
Leaf 3 base,Microbiome,GRMZM2G118344,66
Leaf 3 base,Microbiome,GRMZM2G118403,7
Leaf 3 base,Microbiome,GRMZM2G126161,14
Leaf 3 base,Microbiome,GRMZM2G130854,9
Leaf 3 base,Microbiome,GRMZM2G131595,19
Leaf 3 base,Microbiome,GRMZM2G132273,25
Leaf 3 base,Microbiome,GRMZM2G134340,18
Leaf 3 base,Microbiome,GRMZM2G136016,23
Leaf 3 base,Microbiome,GRMZM2G137312,5
Leaf 3 base,Microbiome,GRMZM2G139022,24
Leaf 3 base,Microbiome,GRMZM2G139463,65
Leaf 3 base,Microbiome,GRMZM2G141940,30
Leaf 3 base,Microbiome,GRMZM2G141941,9
Leaf 3 base,Microbiome,GRMZM2G142383,16
Leaf 3 base,Microbiome,GRMZM2G142649,26
Leaf 3 base,Microbiome,GRMZM2G143599,20
Leaf 3 base,Microbiome,GRMZM2G151903,97
Leaf 3 base,Microbiome,GRMZM2G155776,21
Leaf 3 base,Microbiome,GRMZM2G158141,17
Leaf 3 base,Microbiome,GRMZM2G163507,35
Leaf 3 base,Microbiome,GRMZM2G164743,27
Leaf 3 base,Microbiome,GRMZM2G164814,15
Leaf 3 base,Microbiome,GRMZM2G171435,11
Leaf 3 base,Microbiome,GRMZM2G178244,27
Leaf 3 base,Microbiome,GRMZM2G178460,7
Leaf 3 base,Microbiome,GRMZM2G300624,20
Leaf 3 base,Microbiome,GRMZM2G322817,32
Leaf 3 base,Microbiome,GRMZM2G326272,36
Leaf 3 base,Microbiome,GRMZM2G330526,10
Leaf 3 base,Microbiome,GRMZM2G352132,14
Leaf 3 base,Microbiome,GRMZM2G355636,7
Leaf 3 base,Microbiome,GRMZM2G372684,20
Leaf 3 base,Microbiome,GRMZM2G395842,8
Leaf 3 base,Microbiome,GRMZM2G404426,7
Leaf 3 base,Microbiome,GRMZM2G410479,22
Leaf 3 base,Microbiome,GRMZM2G426556,12
Leaf 3 base,Microbiome,GRMZM2G436947,11
Leaf 3 base,Microbiome,GRMZM2G459746,21
Leaf 3 base,Microbiome,GRMZM2G462537,12
Leaf 3 base,Microbiome,GRMZM2G473111,48
Leaf 3 base,Microbiome,GRMZM2G569948,21
Leaf 3 base,Microbiome,GRMZM2G700655,14
Leaf 3 base,Microbiome,GRMZM5G819204,17
Leaf 3 base,Microbiome,GRMZM5G872568,10
Leaf 3 base,Microbiome,GRMZM5G879536,24
Leaf 3 base,Microbiome,GRMZM5G892769,13
Leaf 3 base,Microbiome,GRMZM5G897604,20
Leaf 3 base,Microbiome,GRMZM6G915669,11
Leaf 3 base,Microbiome,zma.MIR528a,20
Leaf 3 tip,Microbiome,AC149475.2_FG003,14
Leaf 3 tip,Microbiome,AC149810.2_FG008,10
Leaf 3 tip,Microbiome,AC213600.3_FG002,39
Leaf 3 tip,Microbiome,AC217499.3_FG001,22
Leaf 3 tip,Microbiome,AC217840.3_FG001,50
Leaf 3 tip,Microbiome,AC234180.1_FG002,15
Leaf 3 tip,Microbiome,AF546187.1_FG011,7
Leaf 3 tip,Microbiome,GRMZM2G000540,10
Leaf 3 tip,Microbiome,GRMZM2G002699,23
Leaf 3 tip,Microbiome,GRMZM2G004435,11
Leaf 3 tip,Microbiome,GRMZM2G009968,12
Leaf 3 tip,Microbiome,GRMZM2G010348,7
Leaf 3 tip,Microbiome,GRMZM2G013170,9
Leaf 3 tip,Microbiome,GRMZM2G015588,29
Leaf 3 tip,Microbiome,GRMZM2G015902,17
Leaf 3 tip,Microbiome,GRMZM2G016640,21
Leaf 3 tip,Microbiome,GRMZM2G018695,22
Leaf 3 tip,Microbiome,GRMZM2G019562,21
Leaf 3 tip,Microbiome,GRMZM2G019738,56
Leaf 3 tip,Microbiome,GRMZM2G020196,30
Leaf 3 tip,Microbiome,GRMZM2G021107,14
Leaf 3 tip,Microbiome,GRMZM2G021194,60
Leaf 3 tip,Microbiome,GRMZM2G021560,26
Leaf 3 tip,Microbiome,GRMZM2G022763,16
Leaf 3 tip,Microbiome,GRMZM2G025340,25
Leaf 3 tip,Microbiome,GRMZM2G025451,15
Leaf 3 tip,Microbiome,GRMZM2G026050,12
Leaf 3 tip,Microbiome,GRMZM2G026311,12
Leaf 3 tip,Microbiome,GRMZM2G029135,7
Leaf 3 tip,Microbiome,GRMZM2G030072,22
Leaf 3 tip,Microbiome,GRMZM2G030823,20
Leaf 3 tip,Microbiome,GRMZM2G031827,12
Leaf 3 tip,Microbiome,GRMZM2G035451,38
Leaf 3 tip,Microbiome,GRMZM2G038384,12
Leaf 3 tip,Microbiome,GRMZM2G039325,17
Leaf 3 tip,Microbiome,GRMZM2G041394,14
Leaf 3 tip,Microbiome,GRMZM2G042055,10
Leaf 3 tip,Microbiome,GRMZM2G042107,9
Leaf 3 tip,Microbiome,GRMZM2G045005,12
Leaf 3 tip,Microbiome,GRMZM2G046966,21
Leaf 3 tip,Microbiome,GRMZM2G049495,60
Leaf 3 tip,Microbiome,GRMZM2G050305,22
Leaf 3 tip,Microbiome,GRMZM2G059497,31
Leaf 3 tip,Microbiome,GRMZM2G060511,18
Leaf 3 tip,Microbiome,GRMZM2G060824,14
Leaf 3 tip,Microbiome,GRMZM2G062683,27
Leaf 3 tip,Microbiome,GRMZM2G066516,12
Leaf 3 tip,Microbiome,GRMZM2G067242,8
Leaf 3 tip,Microbiome,GRMZM2G071249,21
Leaf 3 tip,Microbiome,GRMZM2G072682,22
Leaf 3 tip,Microbiome,GRMZM2G073551,11
Leaf 3 tip,Microbiome,GRMZM2G077143,20
Leaf 3 tip,Microbiome,GRMZM2G078052,20
Leaf 3 tip,Microbiome,GRMZM2G083783,8
Leaf 3 tip,Microbiome,GRMZM2G085249,12
Leaf 3 tip,Microbiome,GRMZM2G086925,10
Leaf 3 tip,Microbiome,GRMZM2G090217,14
Leaf 3 tip,Microbiome,GRMZM2G090642,14
Leaf 3 tip,Microbiome,GRMZM2G092813,6
Leaf 3 tip,Microbiome,GRMZM2G094867,22
Leaf 3 tip,Microbiome,GRMZM2G094871,10
Leaf 3 tip,Microbiome,GRMZM2G096169,10
Leaf 3 tip,Microbiome,GRMZM2G099049,9
Leaf 3 tip,Microbiome,GRMZM2G100058,20
Leaf 3 tip,Microbiome,GRMZM2G100318,25
Leaf 3 tip,Microbiome,GRMZM2G101250,16
Leaf 3 tip,Microbiome,GRMZM2G106165,16
Leaf 3 tip,Microbiome,GRMZM2G110398,9
Leaf 3 tip,Microbiome,GRMZM2G114873,12
Leaf 3 tip,Microbiome,GRMZM2G117763,10
Leaf 3 tip,Microbiome,GRMZM2G118303,17
Leaf 3 tip,Microbiome,GRMZM2G119650,18
Leaf 3 tip,Microbiome,GRMZM2G124209,19
Leaf 3 tip,Microbiome,GRMZM2G129155,21
Leaf 3 tip,Microbiome,GRMZM2G132519,10
Leaf 3 tip,Microbiome,GRMZM2G133012,5
Leaf 3 tip,Microbiome,GRMZM2G133629,13
Leaf 3 tip,Microbiome,GRMZM2G134062,32
Leaf 3 tip,Microbiome,GRMZM2G135186,11
Leaf 3 tip,Microbiome,GRMZM2G135300,16
Leaf 3 tip,Microbiome,GRMZM2G135817,13
Leaf 3 tip,Microbiome,GRMZM2G137293,2
Leaf 3 tip,Microbiome,GRMZM2G139797,34
Leaf 3 tip,Microbiome,GRMZM2G139837,10
Leaf 3 tip,Microbiome,GRMZM2G141596,15
Leaf 3 tip,Microbiome,GRMZM2G142664,6
Leaf 3 tip,Microbiome,GRMZM2G142922,16
Leaf 3 tip,Microbiome,GRMZM2G144282,7
Leaf 3 tip,Microbiome,GRMZM2G145709,10
Leaf 3 tip,Microbiome,GRMZM2G145775,7
Leaf 3 tip,Microbiome,GRMZM2G146878,9
Leaf 3 tip,Microbiome,GRMZM2G148594,20
Leaf 3 tip,Microbiome,GRMZM2G148940,15
Leaf 3 tip,Microbiome,GRMZM2G149138,11
Leaf 3 tip,Microbiome,GRMZM2G150374,21
Leaf 3 tip,Microbiome,GRMZM2G150424,22
Leaf 3 tip,Microbiome,GRMZM2G150608,18
Leaf 3 tip,Microbiome,GRMZM2G153454,17
Leaf 3 tip,Microbiome,GRMZM2G154447,20
Leaf 3 tip,Microbiome,GRMZM2G157598,20
Leaf 3 tip,Microbiome,GRMZM2G159166,12
Leaf 3 tip,Microbiome,GRMZM2G164761,38
Leaf 3 tip,Microbiome,GRMZM2G164835,9
Leaf 3 tip,Microbiome,GRMZM2G165192,11
Leaf 3 tip,Microbiome,GRMZM2G168214,13
Leaf 3 tip,Microbiome,GRMZM2G168449,13
Leaf 3 tip,Microbiome,GRMZM2G169615,7
Leaf 3 tip,Microbiome,GRMZM2G171604,20
Leaf 3 tip,Microbiome,GRMZM2G171921,7
Leaf 3 tip,Microbiome,GRMZM2G173119,24
Leaf 3 tip,Microbiome,GRMZM2G175265,12
Leaf 3 tip,Microbiome,GRMZM2G176173,17
Leaf 3 tip,Microbiome,GRMZM2G176486,13
Leaf 3 tip,Microbiome,GRMZM2G176665,15
Leaf 3 tip,Microbiome,GRMZM2G304212,9
Leaf 3 tip,Microbiome,GRMZM2G305159,31
Leaf 3 tip,Microbiome,GRMZM2G307252,17
Leaf 3 tip,Microbiome,GRMZM2G307906,10
Leaf 3 tip,Microbiome,GRMZM2G312738,22
Leaf 3 tip,Microbiome,GRMZM2G319465,21
Leaf 3 tip,Microbiome,GRMZM2G328224,35
Leaf 3 tip,Microbiome,GRMZM2G352428,14
Leaf 3 tip,Microbiome,GRMZM2G368799,10
Leaf 3 tip,Microbiome,GRMZM2G375904,44
Leaf 3 tip,Microbiome,GRMZM2G380665,24
Leaf 3 tip,Microbiome,GRMZM2G390124,5
Leaf 3 tip,Microbiome,GRMZM2G393742,24
Leaf 3 tip,Microbiome,GRMZM2G396562,24
Leaf 3 tip,Microbiome,GRMZM2G424241,82
Leaf 3 tip,Microbiome,GRMZM2G426556,8
Leaf 3 tip,Microbiome,GRMZM2G461586,11
Leaf 3 tip,Microbiome,GRMZM2G464976,16
Leaf 3 tip,Microbiome,GRMZM2G468855,20
Leaf 3 tip,Microbiome,GRMZM2G474883,16
Leaf 3 tip,Microbiome,GRMZM2G477113,13
Leaf 3 tip,Microbiome,GRMZM2G482946,15
Leaf 3 tip,Microbiome,GRMZM2G704133,65
Leaf 3 tip,Microbiome,GRMZM5G812926,13
Leaf 3 tip,Microbiome,GRMZM5G814985,17
Leaf 3 tip,Microbiome,GRMZM5G817551,21
Leaf 3 tip,Microbiome,GRMZM5G818978,21
Leaf 3 tip,Microbiome,GRMZM5G824597,21
Leaf 3 tip,Microbiome,GRMZM5G827205,25
Leaf 3 tip,Microbiome,GRMZM5G828396,10
Leaf 3 tip,Microbiome,GRMZM5G852833,16
Leaf 3 tip,Microbiome,GRMZM5G885529,10
Leaf 3 tip,Microbiome,GRMZM5G885644,12
Leaf 3 tip,Microbiome,GRMZM5G886952,34
Leaf 3 tip,Microbiome,GRMZM5G886989,29
Leaf 3 tip,Microbiome,GRMZM5G887716,25
Leaf 3 tip,Microbiome,GRMZM5G892361,6
Leaf 3 tip,Microbiome,GRMZM5G894619,29
Leaf 3 tip,Microbiome,GRMZM6G933659,78
Adult leaf during the day,Microbiome,AC210013.4_FG008,9
Adult leaf during the day,Microbiome,AC233960.1_FG003,8
Adult leaf during the day,Microbiome,AC234180.1_FG002,6
Adult leaf during the day,Microbiome,GRMZM2G002918,42
Adult leaf during the day,Microbiome,GRMZM2G004188,24
Adult leaf during the day,Microbiome,GRMZM2G005680,20
Adult leaf during the day,Microbiome,GRMZM2G008715,35
Adult leaf during the day,Microbiome,GRMZM2G010052,61
Adult leaf during the day,Microbiome,GRMZM2G010474,11
Adult leaf during the day,Microbiome,GRMZM2G038950,9
Adult leaf during the day,Microbiome,GRMZM2G048611,21
Adult leaf during the day,Microbiome,GRMZM2G050861,13
Adult leaf during the day,Microbiome,GRMZM2G052129,14
Adult leaf during the day,Microbiome,GRMZM2G056143,24
Adult leaf during the day,Microbiome,GRMZM2G060511,29
Adult leaf during the day,Microbiome,GRMZM2G064695,8
Adult leaf during the day,Microbiome,GRMZM2G065839,19
Adult leaf during the day,Microbiome,GRMZM2G066165,17
Adult leaf during the day,Microbiome,GRMZM2G066426,23
Adult leaf during the day,Microbiome,GRMZM2G069295,10
Adult leaf during the day,Microbiome,GRMZM2G070211,30
Adult leaf during the day,Microbiome,GRMZM2G074314,28
Adult leaf during the day,Microbiome,GRMZM2G076329,9
Adult leaf during the day,Microbiome,GRMZM2G077197,9
Adult leaf during the day,Microbiome,GRMZM2G078204,30
Adult leaf during the day,Microbiome,GRMZM2G082260,8
Adult leaf during the day,Microbiome,GRMZM2G083427,14
Adult leaf during the day,Microbiome,GRMZM2G085042,22
Adult leaf during the day,Microbiome,GRMZM2G086202,12
Adult leaf during the day,Microbiome,GRMZM2G087817,8
Adult leaf during the day,Microbiome,GRMZM2G092112,17
Adult leaf during the day,Microbiome,GRMZM2G092947,37
Adult leaf during the day,Microbiome,GRMZM2G093895,17
Adult leaf during the day,Microbiome,GRMZM2G104419,7
Adult leaf during the day,Microbiome,GRMZM2G104449,13
Adult leaf during the day,Microbiome,GRMZM2G107609,14
Adult leaf during the day,Microbiome,GRMZM2G112535,17
Adult leaf during the day,Microbiome,GRMZM2G113127,38
Adult leaf during the day,Microbiome,GRMZM2G115504,6
Adult leaf during the day,Microbiome,GRMZM2G116083,19
Adult leaf during the day,Microbiome,GRMZM2G121458,39
Adult leaf during the day,Microbiome,GRMZM2G122935,25
Adult leaf during the day,Microbiome,GRMZM2G127457,24
Adult leaf during the day,Microbiome,GRMZM2G129140,39
Adult leaf during the day,Microbiome,GRMZM2G129268,36
Adult leaf during the day,Microbiome,GRMZM2G133621,56
Adult leaf during the day,Microbiome,GRMZM2G134382,10
Adult leaf during the day,Microbiome,GRMZM2G134430,59
Adult leaf during the day,Microbiome,GRMZM2G134480,30
Adult leaf during the day,Microbiome,GRMZM2G138896,8
Adult leaf during the day,Microbiome,GRMZM2G139360,15
Adult leaf during the day,Microbiome,GRMZM2G143791,5
Adult leaf during the day,Microbiome,GRMZM2G154735,18
Adult leaf during the day,Microbiome,GRMZM2G156356,59
Adult leaf during the day,Microbiome,GRMZM2G160563,23
Adult leaf during the day,Microbiome,GRMZM2G165351,41
Adult leaf during the day,Microbiome,GRMZM2G166032,55
Adult leaf during the day,Microbiome,GRMZM2G175269,15
Adult leaf during the day,Microbiome,GRMZM2G176358,7
Adult leaf during the day,Microbiome,GRMZM2G179329,17
Adult leaf during the day,Microbiome,GRMZM2G308860,21
Adult leaf during the day,Microbiome,GRMZM2G310795,63
Adult leaf during the day,Microbiome,GRMZM2G325026,17
Adult leaf during the day,Microbiome,GRMZM2G357834,31
Adult leaf during the day,Microbiome,GRMZM2G366020,13
Adult leaf during the day,Microbiome,GRMZM2G377131,15
Adult leaf during the day,Microbiome,GRMZM2G384884,21
Adult leaf during the day,Microbiome,GRMZM2G386971,11
Adult leaf during the day,Microbiome,GRMZM2G429982,17
Adult leaf during the day,Microbiome,GRMZM2G438299,15
Adult leaf during the day,Microbiome,GRMZM2G471089,12
Adult leaf during the day,Microbiome,GRMZM5G808737,30
Adult leaf during the day,Microbiome,GRMZM5G837606,27
Adult leaf during the day,Microbiome,GRMZM5G875564,11
Adult leaf during the day,Microbiome,GRMZM5G887922,17
Adult leaf during the day,Microbiome,GRMZM5G892361,24
Adult leaf at night,Microbiome,AC149810.2_FG008,8
Adult leaf at night,Microbiome,AC185415.3_FG005,6
Adult leaf at night,Microbiome,AC191251.3_FG005,32
Adult leaf at night,Microbiome,AC211411.4_FG004,31
Adult leaf at night,Microbiome,GRMZM2G001508,8
Adult leaf at night,Microbiome,GRMZM2G009735,21
Adult leaf at night,Microbiome,GRMZM2G027001,66
Adult leaf at night,Microbiome,GRMZM2G030123,21
Adult leaf at night,Microbiome,GRMZM2G031718,16
Adult leaf at night,Microbiome,GRMZM2G032218,18
Adult leaf at night,Microbiome,GRMZM2G032962,14
Adult leaf at night,Microbiome,GRMZM2G045067,48
Adult leaf at night,Microbiome,GRMZM2G045404,10
Adult leaf at night,Microbiome,GRMZM2G046070,17
Adult leaf at night,Microbiome,GRMZM2G051528,12
Adult leaf at night,Microbiome,GRMZM2G051637,10
Adult leaf at night,Microbiome,GRMZM2G060148,20
Adult leaf at night,Microbiome,GRMZM2G068476,47
Adult leaf at night,Microbiome,GRMZM2G073668,17
Adult leaf at night,Microbiome,GRMZM2G083935,18
Adult leaf at night,Microbiome,GRMZM2G084586,33
Adult leaf at night,Microbiome,GRMZM2G085467,14
Adult leaf at night,Microbiome,GRMZM2G085892,16
Adult leaf at night,Microbiome,GRMZM2G086116,11
Adult leaf at night,Microbiome,GRMZM2G093065,25
Adult leaf at night,Microbiome,GRMZM2G095655,6
Adult leaf at night,Microbiome,GRMZM2G098900,20
Adult leaf at night,Microbiome,GRMZM2G099191,22
Adult leaf at night,Microbiome,GRMZM2G103245,12
Adult leaf at night,Microbiome,GRMZM2G103773,12
Adult leaf at night,Microbiome,GRMZM2G104419,9
Adult leaf at night,Microbiome,GRMZM2G113513,17
Adult leaf at night,Microbiome,GRMZM2G114570,47
Adult leaf at night,Microbiome,GRMZM2G114793,32
Adult leaf at night,Microbiome,GRMZM2G116626,7
Adult leaf at night,Microbiome,GRMZM2G117153,18
Adult leaf at night,Microbiome,GRMZM2G122584,33
Adult leaf at night,Microbiome,GRMZM2G126161,12
Adult leaf at night,Microbiome,GRMZM2G132882,18
Adult leaf at night,Microbiome,GRMZM2G134450,16
Adult leaf at night,Microbiome,GRMZM2G136887,26
Adult leaf at night,Microbiome,GRMZM2G137366,18
Adult leaf at night,Microbiome,GRMZM2G137566,7
Adult leaf at night,Microbiome,GRMZM2G139977,16
Adult leaf at night,Microbiome,GRMZM2G143050,26
Adult leaf at night,Microbiome,GRMZM2G144197,41
Adult leaf at night,Microbiome,GRMZM2G147271,16
Adult leaf at night,Microbiome,GRMZM2G147408,88
Adult leaf at night,Microbiome,GRMZM2G149216,81
Adult leaf at night,Microbiome,GRMZM2G152877,10
Adult leaf at night,Microbiome,GRMZM2G157705,9
Adult leaf at night,Microbiome,GRMZM2G161611,18
Adult leaf at night,Microbiome,GRMZM2G162082,13
Adult leaf at night,Microbiome,GRMZM2G165778,12
Adult leaf at night,Microbiome,GRMZM2G170591,14
Adult leaf at night,Microbiome,GRMZM2G175995,8
Adult leaf at night,Microbiome,GRMZM2G177340,21
Adult leaf at night,Microbiome,GRMZM2G179715,22
Adult leaf at night,Microbiome,GRMZM2G180728,20
Adult leaf at night,Microbiome,GRMZM2G338691,14
Adult leaf at night,Microbiome,GRMZM2G357595,9
Adult leaf at night,Microbiome,GRMZM2G361625,17
Adult leaf at night,Microbiome,GRMZM2G375172,24
Adult leaf at night,Microbiome,GRMZM2G386590,20
Adult leaf at night,Microbiome,GRMZM2G386817,12
Adult leaf at night,Microbiome,GRMZM2G410990,14
Adult leaf at night,Microbiome,GRMZM2G412229,17
Adult leaf at night,Microbiome,GRMZM2G420334,10
Adult leaf at night,Microbiome,GRMZM2G449944,7
Adult leaf at night,Microbiome,GRMZM2G450488,7
Adult leaf at night,Microbiome,GRMZM2G470556,16
Adult leaf at night,Microbiome,GRMZM5G812270,4
Adult leaf at night,Microbiome,GRMZM5G821439,11
Adult leaf at night,Microbiome,GRMZM5G822098,16
Adult leaf at night,Microbiome,GRMZM5G838414,14
Adult leaf at night,Microbiome,GRMZM5G855311,13
Adult leaf at night,Microbiome,GRMZM5G861269,20
Adult leaf at night,Microbiome,GRMZM5G886044,14
Adult leaf at night,Microbiome,GRMZM5G889321,21
