id,category,trait,tissue,padj
AC148152.3_FG001,Flowering Time,AnthesistoSilkInterval,GRoot,0.00967749225074455
AC148152.3_FG001,Flowering Time,GDDAnthesis.SilkingInterval,GRoot,0.000247937500074791
AC148152.3_FG001,Leaf Morphology,LeafWidth,GRoot,0.000166962405816262
AC148152.3_FG001,Metabolite,X.5321342..beta.sitosterol..28.848,GRoot,0.00112789402334538
AC148152.3_FG001,Metabolite,X.6537496..chlorogenic.acid.2..27.18..s100,GRoot,1.2614354005791e-12
AC148152.3_FG001,Metabolite,X.8742..shikimic.acid..16.433..s100,GRoot,0.0337704621666996
AC148152.3_FG001,other,NIRProtein,GRoot,0.000371389497257013
AC148152.3_FG001,other,Spikelets.MainSpike,GRoot,0.0012441155016798
AC148152.3_FG005,Development,EarHeight,L3Tip,0.0115106912237495
AC148152.3_FG005,Female Inflorescence,EarLength,L3Base,0.000408409420661782
AC148152.3_FG005,Female Inflorescence,EarRankNumber,L3Base,0.000363918509315386
AC148152.3_FG005,Flowering Time,AnthesistoSilkInterval,L3Base,0.0180537790418713
AC148152.3_FG005,Flowering Time,GDDAnthesis.SilkingInterval,L3Base,0.0062285886099791
AC148152.3_FG005,Flowering Time,GDDDaystoSilk,L3Tip,0.00283357720448896
AC148152.3_FG005,Leaf Morphology,LeafWidth,L3Tip,4.59632332194815e-14
AC148152.3_FG005,Male Inflorescence,TasselPrimaryBranches,L3Base,0.000604234209283794
AC148152.3_FG005,Metabolite,X.1549111..caffeic.acid..19.755,L3Tip,0.0105933934782476
AC148152.3_FG005,Metabolite,X.3037582..mucic.acid..18.907,L3Base,4.6132404016852e-06
AC148152.3_FG005,Metabolite,X.311..citric.acid..16.615..s100,L3Tip,0.00399209742901929
AC148152.3_FG005,Metabolite,X.439183..3.phosphoglyceric.acid..16.504,L3Base,0.0213193958391091
AC148152.3_FG005,Metabolite,X.439958..D.glucose.6.phosphate.1..21.394,L3Tip,0.036458954997955
AC148152.3_FG005,Metabolite,X.444212..trans.aconitic.acid..15.842..s100,L3Base,0.0009393742035535
AC148152.3_FG005,Metabolite,X.444212..trans.aconitic.acid..15.842..s100,L3Tip,0.00407697264230933
AC148152.3_FG005,Metabolite,X.444266..maleic.acid..10.323,L3Base,8.32044433352053e-10
AC148152.3_FG005,Metabolite,X.444266..maleic.acid..10.323,L3Tip,0.00201772253621968
AC148152.3_FG005,Metabolite,X.5280450..linoleic.acid..20.399,L3Base,0.0161499732281816
AC148152.3_FG005,Metabolite,X.5321515..stigmasterol..28.442,L3Tip,2.02237848867526e-06
AC148152.3_FG005,Metabolite,X.5460407..threonic.acid..13.652,L3Tip,0.0143617344941598
AC148152.3_FG005,Metabolite,X.6057..tyrosine.2..17.871,L3Base,0.00582985887460374
AC148152.3_FG005,Metabolite,X.60961..adenosine..23.825,L3Base,0.000700647634359175
AC148152.3_FG005,Metabolite,X.6255..maltose..2..24.915,L3Tip,1.43024015025691e-13
AC148152.3_FG005,Metabolite,X.6287..L.valine.2..9.151,L3Base,0.000503154411730655
AC148152.3_FG005,Metabolite,X.637542..4.hydroxycinnamic.acid..17.854,L3Tip,1.20910079268732e-05
AC148152.3_FG005,Metabolite,X.637775..3.5.dimethoxy.4.hydroxycinnamic.acid.2..20.65,GShoot,0.00053278789408906
AC148152.3_FG005,Metabolite,X.6508..quinic.acid..17.076..s100,L3Tip,3.30850546292893e-07
AC148152.3_FG005,Metabolite,X.6912..xylitol..15.376,L3Tip,3.61597098530453e-06
AC148152.3_FG005,Metabolite,X.738..L.glutamine.2..14.083,L3Base,9.9121741259367e-08
AC148152.3_FG005,Metabolite,X.791..DL.isoleucine.2..10.225,GShoot,0.0039067345749455
AC148152.3_FG005,Metabolite,X.892..myo.inositol..19.354..s100,L3Tip,0.00223952449234144
AC148152.3_FG005,Metabolite,X.92824..D.malic.acid..12.794..s100,L3Base,7.14889390724949e-05
AC148152.3_FG005,Metabolite,X.92824..D.malic.acid..12.794..s100,L3Tip,0.000233285398819838
AC148152.3_FG005,other,GerminationCount,L3Base,0.0246047999764105
AC148152.3_FG005,other,MiddleLeafAngle,L3Base,0.0163747046444589
AC148152.3_FG005,other,Spikelets.MainSpike,L3Base,0.0016571325169612
AC148152.3_FG005,other,StandCount,L3Base,0.000309522468022738
AC148152.3_FG005,other,TasselBranchLength,L3Base,0.0228430747895059
AC148152.3_FG005,Seed Traits,TotalKernelVolume,L3Base,0.00549533991565632
AC148152.3_FG005,Seed Traits,TotalSeedWeight,L3Tip,0.00276636764510885
AC148152.3_FG008,Metabolite,X.311..citric.acid..16.615..s100,LMAD,1.82393671055436e-06
AC148152.3_FG008,Metabolite,X.439194..glyceric.acid..10.735,L3Tip,1.55431744097712e-06
AC148152.3_FG008,Metabolite,X.439742..beta.cyano.L.alanine..11.288,L3Tip,8.13592857662471e-06
AC148152.3_FG008,Metabolite,X.60961..adenosine..23.825,L3Tip,0.0120051344170795
AC148152.3_FG008,Metabolite,X.6508..quinic.acid..17.076..s100,LMAD,0.000784118756891328
AC148152.3_FG008,Metabolite,X.738..L.glutamine.2..14.083,L3Tip,5.05971866098807e-13
AC148152.3_FG008,other,Spikelets.PrimaryBranch,GShoot,0.0397511397388839
AC148167.6_FG001,Female Inflorescence,EarRowNumber,LMAN,0.0184812218050915
AC148167.6_FG001,Metabolite,X.3037582..mucic.acid..18.907,GShoot,0.00271733546482533
AC148167.6_FG001,Metabolite,X.5321342..beta.sitosterol..28.848,L3Base,7.04224752601235e-06
AC148167.6_FG001,Metabolite,X.835..dehydroascorbic.acid..1..16.863,LMAN,0.00483839681395182
AC148167.6_FG001,other,NIROil,GShoot,0.00733555134376274
AC148167.6_FG001,other,RowQuality,GRoot,0.000999373337677412
AC149475.2_FG002,other,RowQuality,L3Base,0.000250850171398476
AC149475.2_FG003,Metabolite,X.204..allantoin.1..17.293,L3Tip,3.3804760390943e-06
AC149475.2_FG003,Metabolite,X.5280450..linoleic.acid..20.399,LMAD,0.0496605497478061
AC149475.2_FG003,Metabolite,X.5951..L.serine.2..11.174..s100,L3Tip,0.019614093964659
AC149475.2_FG003,Metabolite,X.6057..tyrosine.2..17.871,L3Tip,0.00277546571342269
AC149475.2_FG003,Metabolite,X.642609..trans.caftaric.acid.2..25.529,LMAN,0.00881333527657402
AC149475.2_FG003,Metabolite,X.6537496..chlorogenic.acid.2..27.18..s100,L3Tip,0.00705883603833435
AC149475.2_FG003,other,Spikelets.PrimaryBranch,L3Base,0.00472544272419051
AC149810.2_FG008,other,MainSpikeLength,LMAD,0.000411836482796746
AC149810.2_FG008,other,NumberofTilleringPlants,LMAD,0.000800157599280205
AC149818.2_FG001,Metabolite,X.8742..shikimic.acid..16.433..s100,LMAN,3.51911583207354e-06
AC149818.2_FG005,Seed Traits,TotalKernelVolume,Kern,0.0364293660749817
AC149818.2_FG006,Seed Traits,EarWeight,L3Tip,0.00539457986369274
AC193598.3_FG002,Metabolite,X.9750..citrulline.2..16.691,GRoot,0.0380570606102637
AC194970.5_FG005,other,TilleringIndex,GRoot,0.0230676337132483
AC194970.5_FG005,other,TilleringIndex,GShoot,0.0487984030153381
AC195340.3_FG001,Metabolite,X.5460673..D.saccharic.acid..18.614,GRoot,0.00108127244178348
AC198353.5_FG004,Seed Traits,CobWeight,L3Tip,0.00284772470051653
AC198494.3_FG002,Metabolite,X.5321515..stigmasterol..28.442,L3Tip,0.0121509005641016
AC203570.4_FG005,Metabolite,X.5951..L.serine.2..11.174..s100,L3Base,0.0280384013438617
AC204611.4_FG001,other,Spikelets.PrimaryBranch,LMAD,0.0163424953588386
AC206999.1_FG002,Metabolite,X.5321342..beta.sitosterol..28.848,L3Tip,4.89523370905687e-05
AC207265.3_FG002,Metabolite,X.311..citric.acid..16.615..s100,GRoot,2.63213038032006e-08
AC207722.2_FG009,Flowering Time,DaysToTassel,LMAD,0.0437363748796977
AC208031.3_FG002,Metabolite,X.3037582..mucic.acid..18.907,L3Base,4.30163483600143e-05
AC208337.2_FG003,Metabolite,X.439958..D.glucose.6.phosphate.1..21.394,Kern,0.00340411994590273
AC210003.2_FG015,Metabolite,X.6262..L.ornithine.2..16.632,L3Base,4.78873097453647e-05
AC210003.2_FG015,Metabolite,X.738..L.glutamine.2..14.083,L3Base,0.0214721454595368
AC210848.3_FG004,Metabolite,X.6106..L.leucine.2..9.945,LMAN,0.00527658177468138
AC215260.3_FG004,other,Spikelets.MainSpike,L3Tip,0.0193524856237111
AC217965.2_FG012,Metabolite,X.5460673..D.saccharic.acid..18.614,L3Tip,0.00399275488826367
AC233883.1_FG006,Metabolite,X.119..gamma.aminobutyric.acid..GABA...13.326,LMAN,4.61140056124606e-21
AC233883.1_FG006,Metabolite,X.12647..L.homoserine.2..12.359,LMAN,1.34803541579177e-21
AC233883.1_FG006,Metabolite,X.239..Beta..alanine..1..12.044,L3Tip,0.00304273356926443
AC233883.1_FG006,Metabolite,X.239..Beta..alanine..1..12.044,LMAN,1.36245925673179e-21
AC233883.1_FG006,Metabolite,X.33032..L.glutamic.acid.3..dehydrated...13.232..s100,LMAN,1.26570976810569e-07
AC233883.1_FG006,Metabolite,X.439958..D.glucose.6.phosphate.1..21.394,L3Tip,0.000117863165357557
AC233883.1_FG006,Metabolite,X.5951..L.serine.2..11.174..s100,L3Tip,0.0210024212420352
AC233883.1_FG006,Metabolite,X.5951..L.serine.2..11.174..s100,LMAN,6.2383720411674e-10
AC233883.1_FG006,Metabolite,X.6288..L.threonine.2..11.464,LMAN,3.37507799486048e-14
AC233885.1_FG002,Metabolite,X.791..DL.isoleucine.2..10.225,GShoot,0.00469055251966033
GRMZM2G000052,Metabolite,X.1060..pyruvic.acid..6.714,L3Tip,3.19794685843533e-07
GRMZM2G000231,Flowering Time,AnthesistoSilkInterval,L3Base,5.54357370630143e-05
GRMZM2G000326,Flowering Time,DaysToTassel,LMAD,0.000224133597308551
GRMZM2G000665,other,SecondaryBranchNumber,GRoot,0.00155403497809958
GRMZM2G000764,other,TilleringIndex,L3Base,0.000721001319843317
GRMZM2G000909,other,NIRProtein,LMAN,0.00133381646984287
GRMZM2G001592,Metabolite,X.892..myo.inositol..19.354..s100,GRoot,0.0344590335636177
GRMZM2G002297,Metabolite,X.6508..quinic.acid..17.076..s100,L3Tip,0.00827641961710524
GRMZM2G002420,Seed Traits,CobWeight,L3Tip,0.0339856713106594
GRMZM2G002606,other,Spikelets.MainSpike,L3Tip,0.00639729378623555
GRMZM2G003124,Male Inflorescence,TasselLength,LMAN,0.0372877514202241
GRMZM2G003409,Metabolite,X.5810..trans.4.hydroxy.L.proline.2..13.267,L3Base,0.00030571573655136
GRMZM2G003409,Metabolite,X.6255..maltose..2..24.915,L3Tip,2.12625916873321e-10
GRMZM2G003640,other,NIROil,L3Tip,0.00105062892062335
GRMZM2G003750,Metabolite,X.6255..maltose..2..24.915,L3Tip,2.01938187371908e-06
GRMZM2G004079,Metabolite,X.444266..maleic.acid..10.323,L3Tip,0.00329836782714277
GRMZM2G004703,Metabolite,X.6255..maltose..2..24.915,L3Tip,0.00861646979093389
GRMZM2G005350,Metabolite,X.750..glycine..10.456..s100,GShoot,0.0047481434373331
GRMZM2G005461,Metabolite,X.637775..3.5.dimethoxy.4.hydroxycinnamic.acid.2..20.65,LMAD,0.00264838690491276
GRMZM2G005640,Male Inflorescence,TasselLength,LMAN,0.0387989691206405
GRMZM2G005938,Metabolite,X.51..alpha.ketoglutaric.acid..13.859,GShoot,0.00186157317800939
GRMZM2G006377,Male Inflorescence,TasselPrimaryBranches,GShoot,0.0230159038663467
GRMZM2G006753,Metabolite,X.204..allantoin.1..17.293,L3Tip,0.0309722340821234
GRMZM2G006753,other,SouthernLeafBlight,L3Tip,0.00108305363954564
GRMZM2G007486,Metabolite,X.738..L.glutamine.2..14.083,L3Tip,0.00098699736447827
GRMZM2G008123,Metabolite,X.6255..maltose..2..24.915,L3Base,0.0136879268552412
GRMZM2G008247,Female Inflorescence,EarRowNumber,L3Tip,3.86162168020121e-05
GRMZM2G009139,Metabolite,X.642609..trans.caftaric.acid.2..25.529,L3Base,7.75580226930472e-05
GRMZM2G009232,Metabolite,X.6537496..chlorogenic.acid.2..27.18._alt,LMAN,0.00241452125763963
GRMZM2G009232,Metabolite,X.8742..shikimic.acid..16.433..s100,LMAN,0.0198214842137538
GRMZM2G009282,other,NumberofTilleringPlants,Kern,4.13002965160558e-12
GRMZM2G009719,Metabolite,X.738..L.glutamine.2..14.083,L3Base,0.0134062866261855
GRMZM2G010054,Seed Traits,EarWeight,LMAD,0.0199396725041656
GRMZM2G010054,Seed Traits,TotalSeedWeight,LMAD,0.000573739212539337
GRMZM2G010095,Female Inflorescence,EarRankNumber,L3Base,0.0177827714730445
GRMZM2G010433,Metabolite,X.12647..L.homoserine.2..12.359,GRoot,0.0228876984959037
GRMZM2G010433,Metabolite,X.444266..maleic.acid..10.323,LMAN,0.00215150734560332
GRMZM2G010433,Metabolite,X.6288..L.threonine.2..11.464,GRoot,0.012422884009492
GRMZM2G010685,Metabolite,X.9750..citrulline.2..16.691,L3Tip,0.00740807158189361
GRMZM2G010927,Metabolite,X.5984..fructose.1..17.18..s100,L3Tip,2.53613704237488e-05
GRMZM2G011469,other,TasselBranchLength,LMAN,0.0291232808447115
GRMZM2G011523,Metabolite,X.1001..phenethylamine..13.742,Kern,0.0243028861387873
GRMZM2G012685,Seed Traits,CobWeight,L3Tip,0.000581501645478433
GRMZM2G012926,Metabolite,X.119..gamma.aminobutyric.acid..GABA...13.326,L3Tip,0.00614740808103198
GRMZM2G013201,other,Spikelets.MainSpike,Kern,0.0209544376515254
GRMZM2G013324,Metabolite,X.311..citric.acid..16.615..s100,LMAN,0.00808698130761121
GRMZM2G013378,other,GerminationCount,LMAN,0.00105581948536715
GRMZM2G013546,other,MiddleLeafAngle,Kern,0.000972583901535096
GRMZM2G013634,other,SouthernLeafBlight,GShoot,0.000835806168659303
GRMZM2G014392,Metabolite,X.444266..maleic.acid..10.323,L3Tip,0.00103248295457381
GRMZM2G014580,other,SouthernLeafBlight,LMAN,2.10218029650378e-08
GRMZM2G014797,Metabolite,X.439183..3.phosphoglyceric.acid..16.504,L3Tip,0.0345527677736854
GRMZM2G015067,Female Inflorescence,EarRowNumber,L3Tip,0.00800483324188095
GRMZM2G015127,other,TasselBranchLength,Kern,0.000386256576667687
GRMZM2G015280,Metabolite,X.637775..3.5.dimethoxy.4.hydroxycinnamic.acid.2..20.65,GRoot,6.70276012471049e-08
GRMZM2G015908,Metabolite,X.5321515..stigmasterol..28.442,GShoot,4.46497467277559e-08
GRMZM2G016275,Metabolite,X.236..L.asparagine.2..14.984,L3Tip,0.0063722039519627
GRMZM2G016346,Metabolite,X.6537496..chlorogenic.acid.1..26.37,L3Tip,5.12391669094114e-07
GRMZM2G016890,Metabolite,X.5810..trans.4.hydroxy.L.proline.2..13.267,Kern,9.2721093234438e-06
GRMZM2G016948,Metabolite,X.239..Beta..alanine..1..12.044,GRoot,3.73090488010597e-05
GRMZM2G016948,Metabolite,X.6262..L.ornithine.2..16.632,GRoot,0.015622470120769
GRMZM2G017159,Development,EarHeight,LMAD,0.00368911090030033
GRMZM2G017550,other,NumberofTilleringPlants,L3Base,1.1198819649394e-10
GRMZM2G017550,other,TilleringIndex,L3Base,2.28638924459901e-07
GRMZM2G017629,Metabolite,X.9750..citrulline.2..16.691,L3Tip,1.8022646329996e-05
GRMZM2G017894,Seed Traits,TotalKernelVolume,L3Tip,0.000137928534611032
GRMZM2G017923,other,RowQuality,LMAD,0.00393609799339245
GRMZM2G017961,Metabolite,X.637542..4.hydroxycinnamic.acid..17.854,L3Base,0.00181066006557762
GRMZM2G018417,Metabolite,X.6255..maltose..2..24.915,L3Base,0.0142110080987834
GRMZM2G018955,Leaf Morphology,LeafLength,L3Tip,0.00387366909867404
GRMZM2G019090,Female Inflorescence,EarRowNumber,GShoot,5.35677795676648e-06
GRMZM2G019596,Metabolite,X.6288..L.threonine.2..11.464,L3Base,0.00122685355731567
GRMZM2G019641,Metabolite,X.439194..glyceric.acid..10.735,L3Base,3.66596508261097e-07
GRMZM2G019686,Metabolite,X.5984..fructose.1..17.18..s100,GShoot,0.00303092729242804
GRMZM2G020148,Seed Traits,EarWeight,LMAD,0.0497243190730212
GRMZM2G020148,Seed Traits,TotalSeedWeight,LMAD,0.00349061609300416
GRMZM2G020928,other,TilleringIndex,L3Tip,0.00433567770234511
GRMZM2G021035,Metabolite,X.439183..3.phosphoglyceric.acid..16.504,LMAD,0.000218927958446136
GRMZM2G021410,Metabolite,X.204..allantoin.1..17.293,GShoot,0.00292839160276182
GRMZM2G021802,Flowering Time,GDDAnthesis.SilkingInterval,LMAD,0.000110825606761011
GRMZM2G022347,Metabolite,X.6537496..chlorogenic.acid.2..27.18._alt,LMAN,0.0125311988049164
GRMZM2G022563,Seed Traits,TotalKernelVolume,L3Base,0.00549533991565632
GRMZM2G022679,Metabolite,X.642609..trans.caftaric.acid.2..25.529,L3Base,2.32411653886528e-09
GRMZM2G023059,other,TasselBranchLength,L3Tip,0.00500874033734267
GRMZM2G023946,other,SouthernLeafBlight,L3Tip,0.000575606530116568
GRMZM2G024655,Metabolite,X.6508..quinic.acid..17.076..s100,L3Tip,0.000750832006133351
GRMZM2G024733,Metabolite,X.33032..L.glutamic.acid.3..dehydrated...13.232..s100,LMAD,0.00072749124900362
GRMZM2G025742,Seed Traits,TotalKernelNum,L3Tip,0.000963737298671496
GRMZM2G025742,Seed Traits,TotalSeedWeight,LMAN,0.000303673343193811
GRMZM2G025882,Development,EarHeight,LMAD,0.0248435632783601
GRMZM2G026470,Metabolite,X.6255..maltose..2..24.915,L3Tip,0.0333130999029041
GRMZM2G026780,Metabolite,X.642609..trans.caftaric.acid.2..25.529,L3Tip,6.13254482084713e-06
GRMZM2G026869,Metabolite,X.637542..4.hydroxycinnamic.acid..17.854,L3Base,0.0316697283430649
GRMZM2G027021,Seed Traits,CobWeight,L3Tip,0.0104989309456638
GRMZM2G027135,Metabolite,X.439451..galactinol.2..26.479,L3Base,0.0203456354882903
GRMZM2G027479,Metabolite,X.835..dehydroascorbic.acid..1..16.863,GRoot,0.0480677654666022
GRMZM2G027857,Metabolite,X.239..Beta..alanine..1..12.044,GShoot,2.97604832357745e-05
GRMZM2G028218,Female Inflorescence,CobDiameter,GRoot,0.0107713664585074
GRMZM2G028438,other,EarDiameter,Kern,0.041988250490173
GRMZM2G028721,Metabolite,X.204..allantoin.1..17.293,L3Tip,1.5717009815841e-05
GRMZM2G028758,Metabolite,X.239..Beta..alanine..1..12.044,L3Base,4.31328387859864e-05
GRMZM2G030293,Metabolite,X.637542..4.hydroxycinnamic.acid..17.854,Kern,0.0162419937840685
GRMZM2G030444,Metabolite,X.9750..citrulline.2..16.691,GShoot,0.00244207960748355
GRMZM2G031065,other,MiddleLeafAngle,L3Base,9.08047789329736e-05
GRMZM2G031261,Metabolite,X.119..gamma.aminobutyric.acid..GABA...13.326,L3Tip,6.07671402086396e-08
GRMZM2G031311,Metabolite,X.1001..phenethylamine..13.742,L3Tip,0.00654661120546796
GRMZM2G031825,Metabolite,X.642609..trans.caftaric.acid.2..25.529,L3Base,8.98517127367882e-09
GRMZM2G032218,Flowering Time,DaystoSilk,LMAD,0.0499854965364643
GRMZM2G032218,Flowering Time,GDDDaystoSilk,LMAD,0.0493463895592727
GRMZM2G033515,Female Inflorescence,EarRankNumber,L3Tip,0.00191970794357221
GRMZM2G034313,Metabolite,X.2724705..1.6.anhydro.glucose..15.326,L3Tip,0.00112869403842253
GRMZM2G034471,Metabolite,X.3037582..mucic.acid..18.907,L3Tip,5.254320178949e-07
GRMZM2G034848,Metabolite,X.3037582..mucic.acid..18.907,L3Base,0.0467738078944677
GRMZM2G035134,Metabolite,X.738..L.glutamine.2..14.083,L3Tip,1.98875285077591e-10
GRMZM2G035248,Metabolite,X.204..allantoin.1..17.293,LMAD,2.72818876156933e-07
GRMZM2G035502,Metabolite,X.12647..L.homoserine.2..12.359,L3Base,0.0459668310751249
GRMZM2G035944,Metabolite,X.5810..trans.4.hydroxy.L.proline.2..13.267,L3Base,6.79647890649004e-05
GRMZM2G036365,Metabolite,X.6255..maltose..2..24.915,LMAN,3.7931321755423e-15
GRMZM2G036916,Metabolite,X.738..L.glutamine.2..14.083,L3Tip,0.00026959865689502
GRMZM2G036980,Metabolite,X.119..gamma.aminobutyric.acid..GABA...13.326,L3Base,2.37216170706489e-07
GRMZM2G036980,Metabolite,X.12647..L.homoserine.2..12.359,L3Base,6.26886942356464e-09
GRMZM2G036980,Metabolite,X.239..Beta..alanine..1..12.044,L3Base,9.14219962766173e-12
GRMZM2G036980,Metabolite,X.5321342..beta.sitosterol..28.848,L3Tip,0.000818796640911224
GRMZM2G036980,Metabolite,X.5951..L.serine.2..11.174..s100,L3Base,9.9120711638534e-13
GRMZM2G036980,Metabolite,X.6288..L.threonine.2..11.464,L3Base,5.35922047138791e-12
GRMZM2G036980,Metabolite,X.6288..L.threonine.2..11.464,L3Tip,0.00712727546453462
GRMZM2G036980,Metabolite,X.754..glycerol.1.phosphate..16.056,L3Base,2.20519753386661e-05
GRMZM2G037128,Seed Traits,X20KernelWeight,LMAN,0.0045844156792223
GRMZM2G037209,Metabolite,X.6288..L.threonine.2..11.464,GRoot,0.0359242502773955
GRMZM2G037617,Metabolite,X.5460935..turanose.1..24.81,L3Base,7.67851503293837e-05
GRMZM2G037627,Development,EarHeight,GShoot,3.88814616014699e-06
GRMZM2G037627,Development,PlantHeight,GShoot,9.06737922219403e-05
GRMZM2G037882,Metabolite,X.8742..shikimic.acid..16.433..s100,LMAN,0.00954647694946509
GRMZM2G039278,Metabolite,X.938..nicotinic.acid..10.27,L3Tip,0.00253399425801626
GRMZM2G039542,Metabolite,X.439194..glyceric.acid..10.735,L3Base,1.48902254126781e-06
GRMZM2G039542,Metabolite,X.5810..trans.4.hydroxy.L.proline.2..13.267,L3Base,0.00732756999966777
GRMZM2G039580,Metabolite,X.637542..4.hydroxycinnamic.acid..17.854,L3Base,0.0425861738793176
GRMZM2G040079,Seed Traits,CobWeight,GRoot,0.00218615563160807
GRMZM2G040278,Seed Traits,TotalKernelNum,L3Base,5.34078674734317e-05
GRMZM2G040278,Seed Traits,TotalKernelVolume,L3Base,0.00247195748050899
GRMZM2G040991,other,RowQuality,L3Tip,0.0441183774847884
GRMZM2G041463,Metabolite,X.236..L.asparagine.2..14.984,LMAN,0.0110521464768949
GRMZM2G042171,Metabolite,X.6508..quinic.acid..17.076..s100,L3Tip,0.00380255908032856
GRMZM2G042245,Flowering Time,GDDDaystoSilk,Kern,0.0235715521537443
GRMZM2G042438,Metabolite,X.6255..maltose.1..24.702,L3Base,0.00520654835182222
GRMZM2G043238,Metabolite,X.6288..L.threonine.2..11.464,GRoot,0.0195112800641848
GRMZM2G043584,other,SecondaryBranchNumber,GRoot,0.029215521506875
GRMZM2G043843,Metabolite,X.738..L.glutamine.2..14.083,L3Base,0.0153887090198808
GRMZM2G044354,Seed Traits,TotalKernelVolume,GShoot,0.0342042012755597
GRMZM2G044788,Metabolite,X.5810..trans.4.hydroxy.L.proline.2..13.267,LMAN,0.00229173426581264
GRMZM2G045303,Metabolite,X.128869..galactonic.acid.2..18.504,L3Tip,0.00244336976760207
GRMZM2G045404,other,MiddleLeafAngle,GShoot,0.00652847460072059
GRMZM2G045753,other,TasselBranchLength,Kern,0.0365519762504674
GRMZM2G046601,Metabolite,X.444212..trans.aconitic.acid..15.842..s100,L3Base,0.00103060356945006
GRMZM2G046733,Flowering Time,DaysToTassel,GRoot,0.0474815490291629
GRMZM2G046782,Metabolite,X.1001..phenethylamine..13.742,Kern,0.0214182349381438
GRMZM2G046911,Metabolite,X.6508..quinic.acid..17.076..s100,L3Tip,0.0273153119001435
GRMZM2G047152,Seed Traits,CobWeight,GRoot,0.00135654650332828
GRMZM2G047299,Metabolite,X.9750..citrulline.2..16.691,Kern,0.0405633713716419
GRMZM2G047299,Metabolite,X.9750..citrulline.2..16.691,L3Base,0.000133164169242805
GRMZM2G047365,Male Inflorescence,TasselLength,GShoot,0.000386953446720462
GRMZM2G047590,Metabolite,X.5810..trans.4.hydroxy.L.proline.2..13.267,GRoot,0.00012985365322904
GRMZM2G048274,Metabolite,X.92824..D.malic.acid..12.794..s100,GShoot,8.16791079216728e-11
GRMZM2G048277,Male Inflorescence,TasselPrimaryBranches,GRoot,0.00400402362039642
GRMZM2G048411,Metabolite,X.827..ribitol..15.66,LMAN,0.00108619467090865
GRMZM2G048910,other,TasselBranchLength,L3Tip,0.000399409613874191
GRMZM2G048928,Female Inflorescence,EarRowNumber,GRoot,0.0321738636337934
GRMZM2G049057,Metabolite,X.6262..L.ornithine.2..16.632,LMAD,0.00562735935007952
GRMZM2G049190,other,SeedSetLength,Kern,0.00644625690351552
GRMZM2G050305,other,MiddleLeafAngle,LMAN,0.00805429736004837
GRMZM2G050684,Metabolite,X.5960..aspartic.acid.2..13.207,L3Tip,0.0289406916619734
GRMZM2G050701,Metabolite,X.5810..trans.4.hydroxy.L.proline.2..13.267,L3Tip,0.0260424202466611
GRMZM2G050714,Metabolite,X.311..citric.acid..16.615..s100,L3Base,0.0127675018226743
GRMZM2G050730,Metabolite,X.6537496..chlorogenic.acid.1..26.37,L3Tip,2.42892619783941e-05
GRMZM2G050933,Female Inflorescence,EarRowNumber,L3Tip,0.0373389988987718
GRMZM2G050984,Metabolite,X.6912..xylitol..15.376,LMAD,0.00195377958171172
GRMZM2G051185,Metabolite,X.6537496..chlorogenic.acid.1..26.37,L3Tip,2.24088525513366e-10
GRMZM2G051917,Metabolite,X.6508..quinic.acid..17.076..s100,L3Tip,0.0246532594704973
GRMZM2G052507,Metabolite,X.3037582..mucic.acid..18.907,LMAD,2.63324446276897e-14
GRMZM2G052507,Metabolite,X.6508..quinic.acid..17.076..s100,LMAD,1.1395891207745e-09
GRMZM2G052571,Metabolite,X.128869..galactonic.acid.2..18.504,L3Base,0.000503638114438987
GRMZM2G052713,Seed Traits,TotalKernelVolume,L3Base,0.00857150922747052
GRMZM2G053284,Metabolite,X.6537496..chlorogenic.acid.2..27.18..s100,L3Base,0.00616891787830221
GRMZM2G054109,other,Spikelets.PrimaryBranch,GRoot,0.0308107041924757
GRMZM2G054522,Metabolite,X.642609..trans.caftaric.acid.2..25.529,GShoot,0.0252779660336215
GRMZM2G055437,Development,EarHeight,L3Base,0.00762103920057355
GRMZM2G055660,other,TilleringIndex,L3Tip,0.0108561280312236
GRMZM2G055699,Metabolite,X.750..glycine..10.456..s100,GShoot,0.00115177423159096
GRMZM2G055880,Metabolite,X.938..nicotinic.acid..10.27,L3Base,0.00136314287357298
GRMZM2G056462,Metabolite,X.5810..trans.4.hydroxy.L.proline.2..13.267,L3Tip,0.00363195697006113
GRMZM2G056697,Male Inflorescence,TasselLength,LMAN,0.00430938637779232
GRMZM2G056702,other,SouthernLeafBlight,L3Base,0.00770556249357446
GRMZM2G057044,Metabolite,X.60961..adenosine..23.825,L3Base,2.16022739252253e-06
GRMZM2G057950,Metabolite,X.6255..maltose..2..24.915,L3Base,5.48128209487686e-11
GRMZM2G058451,other,NIROil,Kern,0.000290777518852536
GRMZM2G058970,Metabolite,X.204..allantoin.1..17.293,L3Tip,0.000586853933248754
GRMZM2G059026,Metabolite,X.444972..fumaric.acid..10.94,L3Base,0.0307682322995824
GRMZM2G059671,Metabolite,X.6537496..chlorogenic.acid.1..26.37,L3Base,0.000291748138529613
GRMZM2G059706,Metabolite,X.439742..beta.cyano.L.alanine..11.288,LMAN,0.0241919054265916
GRMZM2G059706,Metabolite,X.5962..L.lysine.2..17.643,LMAN,0.0143931555823817
GRMZM2G060296,Metabolite,X.9750..citrulline.2..16.691,L3Tip,0.000228338121270877
GRMZM2G060311,Metabolite,X.8742..shikimic.acid..16.433..s100,L3Tip,7.73782695251413e-07
GRMZM2G060690,other,NumberofTilleringPlants,Kern,9.79138156405046e-05
GRMZM2G060726,Metabolite,X.6508..quinic.acid..17.076..s100,GShoot,0.00252023769919396
GRMZM2G060943,Metabolite,X.5321342..beta.sitosterol..28.848,L3Tip,3.75811981534469e-09
GRMZM2G061283,Metabolite,X.439958..D.glucose.6.phosphate.1..21.394,L3Base,0.0360530280508087
GRMZM2G061396,other,StandCount,L3Base,0.017124637221555
GRMZM2G061922,Metabolite,X.5280450..linoleic.acid..20.399,GRoot,1.20730433916805e-06
GRMZM2G062391,Metabolite,X.5951..L.serine.2..11.174..s100,L3Base,7.93140120629587e-05
GRMZM2G062531,Metabolite,X.6912..xylitol..15.376,L3Tip,3.81847577197725e-05
GRMZM2G063517,Metabolite,X.5321342..beta.sitosterol..28.848,L3Tip,9.15202975051815e-08
GRMZM2G064197,other,NumberofTilleringPlants,L3Tip,0.000297779034097445
GRMZM2G064382,Metabolite,X.3037582..mucic.acid..18.907,GShoot,2.88657986402541e-15
GRMZM2G064537,Metabolite,X.119..gamma.aminobutyric.acid..GABA...13.326,L3Base,0.000527089781763301
GRMZM2G064537,Metabolite,X.12647..L.homoserine.2..12.359,GShoot,3.70814490224802e-13
GRMZM2G064537,Metabolite,X.12647..L.homoserine.2..12.359,L3Base,2.5568087425043e-08
GRMZM2G064537,Metabolite,X.239..Beta..alanine..1..12.044,GShoot,7.59392548843607e-12
GRMZM2G064537,Metabolite,X.6288..L.threonine.2..11.464,GShoot,8.23776876046622e-07
GRMZM2G065284,other,NumberofTilleringPlants,Kern,3.66377383764771e-06
GRMZM2G065388,Seed Traits,TotalKernelVolume,L3Base,0.0471766628966677
GRMZM2G065394,Metabolite,X.5988..Sucrose..23.988..s100,L3Base,0.000313763024936797
GRMZM2G065451,Metabolite,X.439242..Raffinose..29.282,L3Tip,0.00803286036752837
GRMZM2G065496,Seed Traits,CobWeight,GShoot,0.0197698825809098
GRMZM2G066234,Female Inflorescence,EarLength,GRoot,0.0191499773065285
GRMZM2G066290,Seed Traits,TotalSeedWeight,LMAN,8.37440522927224e-07
GRMZM2G066362,Metabolite,X.1060..pyruvic.acid..6.714,L3Tip,8.80483526755072e-06
GRMZM2G066636,Metabolite,X.6106..L.leucine.2..9.945,Kern,3.5069480652794e-09
GRMZM2G066636,Metabolite,X.6537496..chlorogenic.acid.1..26.37,Kern,8.60297231544066e-13
GRMZM2G066636,Metabolite,X.6537496..chlorogenic.acid.2..27.18..s100,Kern,0.0165734423160568
GRMZM2G068382,Flowering Time,GDDDaystoTassel,L3Tip,4.31170580350582e-06
GRMZM2G068755,Metabolite,X.119..gamma.aminobutyric.acid..GABA...13.326,L3Tip,0.0415140963508553
GRMZM2G069078,Metabolite,X.204..allantoin.1..17.293,L3Tip,0.0354092035757736
GRMZM2G069078,Metabolite,X.5962..L.lysine.2..17.643,L3Tip,0.00602445107152461
GRMZM2G069078,Metabolite,X.6288..L.threonine.2..11.464,L3Tip,1.99676645684654e-05
GRMZM2G069208,Metabolite,X.3037582..mucic.acid..18.907,L3Tip,0.0305321510523484
GRMZM2G069260,other,EarDiameter,Kern,0.0106092859968676
GRMZM2G070041,Metabolite,X.738..L.glutamine.2..14.083,L3Base,0.028257180743485
GRMZM2G070087,Metabolite,X.637775..3.5.dimethoxy.4.hydroxycinnamic.acid.2..20.65,GRoot,0.00283210278029111
GRMZM2G070211,Metabolite,X.119..gamma.aminobutyric.acid..GABA...13.326,L3Base,0.0342292647652697
GRMZM2G070211,Metabolite,X.9750..citrulline.2..16.691,GRoot,3.98683667377497e-05
GRMZM2G070500,Metabolite,X.444972..fumaric.acid..10.94,L3Tip,0.0155252470323788
GRMZM2G071468,Seed Traits,TotalKernelNum,Kern,0.00151482320500329
GRMZM2G072205,Metabolite,X.444266..maleic.acid..10.323,L3Tip,0.00329836782714277
GRMZM2G072298,other,MainSpikeLength,L3Tip,0.0260526938982721
GRMZM2G072383,Metabolite,X.439242..Raffinose..29.282,L3Base,0.0108554812126522
GRMZM2G073023,Metabolite,X.5960..aspartic.acid.2..13.207,L3Tip,0.0345857913514924
GRMZM2G073826,Male Inflorescence,TasselLength,L3Tip,4.88069409776415e-06
GRMZM2G074053,Metabolite,X.700..ethanolamine..9.879,LMAD,0.0023876379863903
GRMZM2G074761,Metabolite,X.738..L.glutamine.2..14.083,L3Base,0.00121372397631059
GRMZM2G074946,Metabolite,X.239..Beta..alanine..1..12.044,L3Tip,0.0034454249242426
GRMZM2G075150,Metabolite,X.204..allantoin.1..17.293,L3Tip,0.0085619989609359
GRMZM2G075562,other,Spikelets.MainSpike,L3Tip,0.0293206544725324
GRMZM2G075624,other,SecondaryBranchNumber,GShoot,0.0469399849817986
GRMZM2G075943,Metabolite,X.1549111..caffeic.acid..19.755,LMAN,0.0453033604068338
GRMZM2G076410,Metabolite,X.444972..fumaric.acid..10.94,GRoot,0.00800884834277493
GRMZM2G076542,Metabolite,X.92824..D.malic.acid..12.794..s100,L3Tip,1.84893187931134e-05
GRMZM2G076943,Metabolite,X.239..Beta..alanine..1..12.044,L3Tip,0.000341165948265498
GRMZM2G076943,Metabolite,X.5951..L.serine.2..11.174..s100,L3Tip,0.0409025958279434
GRMZM2G076989,Metabolite,X.738..L.glutamine.2..14.083,L3Base,0.00890455772817322
GRMZM2G077197,other,NIROil,L3Tip,0.0341628836525241
GRMZM2G077293,Metabolite,X.92824..D.malic.acid..12.794..s100,Kern,8.79356425771966e-08
GRMZM2G077420,Seed Traits,TotalKernelNum,LMAD,0.0026805783534134
GRMZM2G077811,other,SeedSetLength,L3Base,3.30343566323776e-06
GRMZM2G078779,Metabolite,X.6537496..chlorogenic.acid.2..27.18..s100,Kern,0.000108908297899113
GRMZM2G078820,Metabolite,X.5460935..turanose.1..24.81,Kern,7.24664997069707e-10
GRMZM2G079281,Metabolite,X.5962..L.lysine.2..17.643,GShoot,0.0150117163341061
GRMZM2G079281,Metabolite,X.9750..citrulline.2..16.691,GShoot,1.94504146122654e-08
GRMZM2G080001,Metabolite,X.6537496..chlorogenic.acid.1..26.37,L3Base,0.0171425348599397
GRMZM2G080168,other,NIROil,L3Tip,0.0286338738495795
GRMZM2G080349,Metabolite,X.444212..trans.aconitic.acid..15.842..s100,L3Tip,0.00140802050500533
GRMZM2G081017,Seed Traits,TotalKernelVolume,L3Base,0.00256659400328374
GRMZM2G081239,Male Inflorescence,TasselPrimaryBranches,L3Tip,0.00414413128167279
GRMZM2G081848,other,TasselBranchLength,L3Tip,4.08559337028436e-06
GRMZM2G081928,Metabolite,X.5460935..turanose.1..24.81,L3Tip,0.0133768308391302
GRMZM2G081943,Metabolite,X.827..ribitol..15.66,L3Base,0.0200025710391967
GRMZM2G081943,Metabolite,X.827..ribitol..15.66,L3Tip,0.0216714136101928
GRMZM2G082181,Metabolite,X.938..nicotinic.acid..10.27,Kern,0.00393381731940368
GRMZM2G082346,Metabolite,X.1060..pyruvic.acid..6.714,L3Tip,6.33918155168445e-05
GRMZM2G083076,other,Spikelets.PrimaryBranch,LMAD,2.79070631337142e-06
GRMZM2G083130,Metabolite,X.6537496..chlorogenic.acid.1..26.37,L3Tip,0.000865222941186072
GRMZM2G083427,Flowering Time,AnthesistoSilkInterval,Kern,0.0032900337107229
GRMZM2G084173,other,MiddleLeafAngle,GRoot,0.00118848405752714
GRMZM2G085198,Metabolite,X.12647..L.homoserine.2..12.359,LMAN,0.00335838149343526
GRMZM2G085602,Metabolite,X.3037582..mucic.acid..18.907,L3Base,8.47749320742608e-07
GRMZM2G086971,Metabolite,X.5951..L.serine.2..11.174..s100,L3Tip,0.0106085537302381
GRMZM2G087226,Metabolite,X.448388..D.allose.1..17.278,L3Tip,0.00224050590596248
GRMZM2G087870,Metabolite,X.5984..fructose.1..17.18..s100,L3Base,0.0296181071892514
GRMZM2G088132,Metabolite,X.5810..trans.4.hydroxy.L.proline.2..13.267,LMAN,0.00253442665373171
GRMZM2G088409,Metabolite,X.444972..fumaric.acid..10.94,L3Base,0.0116090424288571
GRMZM2G088539,Metabolite,X.3037582..mucic.acid..18.907,L3Tip,0.0208258360844873
GRMZM2G089365,Seed Traits,CobWeight,GRoot,0.00145351271991911
GRMZM2G090043,other,Spikelets.PrimaryBranch,LMAN,0.0218396993337873
GRMZM2G090262,Female Inflorescence,EarRowNumber,GShoot,6.25170461598934e-06
GRMZM2G090872,Metabolite,X.3037582..mucic.acid..18.907,LMAN,0.00910677387116898
GRMZM2G091003,Metabolite,X.5988..Sucrose..23.988..s100,GShoot,0.045931894503829
GRMZM2G091176,Metabolite,X.6106..L.leucine.2..9.945,L3Base,0.0031918192069933
GRMZM2G091176,Metabolite,X.6537496..chlorogenic.acid.1..26.37,L3Base,8.7589587929319e-15
GRMZM2G091233,Metabolite,X.444266..maleic.acid..10.323,L3Tip,0.000280768807604748
GRMZM2G092281,Metabolite,X.700..ethanolamine..9.879,L3Tip,0.0117958826070639
GRMZM2G092588,other,TilleringIndex,LMAN,0.000106818757882543
GRMZM2G093139,other,NIRStarch,L3Base,0.00590966165152951
GRMZM2G093902,other,SouthernLeafBlight,GShoot,0.00873225155672586
GRMZM2G094050,other,StandCount,L3Tip,0.00148034625978122
GRMZM2G094304,Metabolite,X.6255..maltose..2..24.915,L3Tip,9.42536715342612e-09
GRMZM2G094390,Seed Traits,TotalSeedWeight,LMAN,0.0386798987706403
GRMZM2G095280,Leaf Morphology,LeafWidth,LMAD,8.92196879676011e-05
GRMZM2G095595,Metabolite,X.439194..glyceric.acid..10.735,L3Base,0.038083549434601
GRMZM2G095807,other,SouthernLeafBlight,L3Tip,0.0235888754904199
GRMZM2G097297,Metabolite,X.642609..trans.caftaric.acid.2..25.529,GShoot,3.82608174615906e-13
GRMZM2G097967,Metabolite,X.6537496..chlorogenic.acid.2..27.18..s100,LMAN,0.0206649171114848
GRMZM2G098434,Metabolite,X.236..L.asparagine.2..14.984,L3Tip,0.000106101943405879
GRMZM2G099097,Metabolite,X.204..allantoin.1..17.293,L3Tip,0.0158108747852759
GRMZM2G099528,Metabolite,X.6912..xylitol..15.376,L3Tip,0.0471539118917519
GRMZM2G099628,Metabolite,X.439958..D.glucose.6.phosphate.1..21.394,L3Base,0.0358986126203349
GRMZM2G099989,Metabolite,X.6288..L.threonine.2..11.464,L3Base,0.0125770386883795
GRMZM2G099989,Metabolite,X.6537496..chlorogenic.acid.2..27.18..s100,GShoot,1.40109374768826e-07
GRMZM2G100058,Metabolite,X.439451..galactinol.2..26.479,L3Base,0.0231521957927134
GRMZM2G100246,Metabolite,X.938..nicotinic.acid..10.27,LMAD,0.0451280660821241
GRMZM2G100641,Seed Traits,TotalSeedWeight,LMAN,0.00325784453287659
GRMZM2G100858,Metabolite,X.827..ribitol..15.66,Kern,3.02557999920516e-05
GRMZM2G100889,Metabolite,X.5984..fructose.1..17.18..s100,L3Base,0.0296181071892514
GRMZM2G101282,Metabolite,X.444266..maleic.acid..10.323,L3Tip,0.00329836782714277
GRMZM2G101769,Leaf Morphology,UpperLeafAngle,L3Tip,9.39087378037939e-06
GRMZM2G102138,Metabolite,X.60961..adenosine..23.825,L3Base,4.60939123070325e-06
GRMZM2G102657,Metabolite,X.637542..4.hydroxycinnamic.acid..17.854,L3Base,0.00958645679311898
GRMZM2G102845,Metabolite,X.700..ethanolamine..9.879,LMAN,0.0117654851147178
GRMZM2G103166,Metabolite,X.6508..quinic.acid..17.076..s100,LMAD,1.07678403920606e-08
GRMZM2G103258,Female Inflorescence,EarRowNumber,L3Base,0.0022895717443121
GRMZM2G103512,Metabolite,X.5962..L.lysine.2..17.643,GRoot,2.92312978862341e-05
GRMZM2G103805,other,Spikelets.MainSpike,L3Tip,0.000635811397827091
GRMZM2G103840,Flowering Time,DaystoSilk,L3Tip,0.00132526500314256
GRMZM2G103884,Metabolite,X.9750..citrulline.2..16.691,GShoot,0.0309178480681114
GRMZM2G103884,other,Spikelets.MainSpike,L3Tip,0.0245111424223523
GRMZM2G104231,Metabolite,X.5810..trans.4.hydroxy.L.proline.2..13.267,L3Base,2.00318965859481e-08
GRMZM2G104449,Metabolite,X.92824..D.malic.acid..12.794..s100,L3Base,0.0462694251134816
GRMZM2G105207,Metabolite,X.1001..phenethylamine..13.742,GRoot,0.0232963385262179
GRMZM2G105869,Metabolite,X.12647..L.homoserine.2..12.359,L3Tip,0.00363934390417087
GRMZM2G105869,Metabolite,X.239..Beta..alanine..1..12.044,L3Tip,7.92529042392687e-09
GRMZM2G105869,Metabolite,X.5951..L.serine.2..11.174..s100,L3Tip,0.0210024212420352
GRMZM2G105869,Metabolite,X.6288..L.threonine.2..11.464,L3Tip,0.00158844781078393
GRMZM2G106393,Metabolite,X.5460935..turanose.1..24.81,L3Tip,6.81784649748517e-07
GRMZM2G106393,Metabolite,X.971..oxalic.acid..7.883,L3Tip,7.76800156925273e-05
GRMZM2G106790,Metabolite,X.6537496..chlorogenic.acid.2..27.18..s100,GRoot,0.00666124111160915
GRMZM2G107597,Metabolite,X.5988..Sucrose..23.988..s100,GShoot,0.000410382304597334
GRMZM2G107731,Metabolite,X.3037582..mucic.acid..18.907,GRoot,0.0125163752380919
GRMZM2G107774,Metabolite,X.439183..3.phosphoglyceric.acid..16.504,L3Base,0.0459159349024336
GRMZM2G108225,Metabolite,X.311..citric.acid..16.615..s100,LMAN,1.17105112027449e-05
GRMZM2G108514,Metabolite,X.1001..phenethylamine..13.742,L3Tip,1.61478083148448e-07
GRMZM2G108530,other,NIRStarch,L3Tip,0.0303132555820294
GRMZM2G108615,Metabolite,X.2724705..1.6.anhydro.glucose..15.326,L3Base,0.00104117862738828
GRMZM2G110195,other,NumberofTilleringPlants,L3Tip,0.00649277517078328
GRMZM2G110198,Development,EarHeight,GRoot,7.66308423938433e-06
GRMZM2G110198,Development,PlantHeight,GRoot,0.000157925814187943
GRMZM2G110412,Metabolite,X.8742..shikimic.acid..16.433..s100,L3Tip,9.11609827332072e-05
GRMZM2G110714,other,NumberofTilleringPlants,GRoot,0.000216905853788418
GRMZM2G111208,Metabolite,X.5988..Sucrose..23.988..s100,GShoot,4.8291542134038e-06
GRMZM2G111529,Metabolite,X.5810..trans.4.hydroxy.L.proline.2..13.267,Kern,0.000860919140539096
GRMZM2G111713,Seed Traits,CobWeight,Kern,0.00334994182259507
GRMZM2G113002,Metabolite,X.6262..L.ornithine.2..16.632,GShoot,0.00623517804712037
GRMZM2G113156,Development,EarHeight,GRoot,0.00108172912068305
GRMZM2G113372,other,SecondaryBranchNumber,L3Base,0.00434789172430716
GRMZM2G113396,Metabolite,X.5810..trans.4.hydroxy.L.proline.2..13.267,L3Tip,0.00984373112496773
GRMZM2G113415,Flowering Time,GDDAnthesis.SilkingInterval,L3Base,0.0486861962483989
GRMZM2G114681,Metabolite,X.6537496..chlorogenic.acid.2..27.18..s100,L3Base,0.0357892265322513
GRMZM2G114801,Seed Traits,TotalKernelNum,LMAD,0.0279038600941588
GRMZM2G115598,Metabolite,X.1549111..caffeic.acid..19.755,GShoot,3.2053026899348e-11
GRMZM2G115598,Metabolite,X.1549111..caffeic.acid..19.755,LMAD,1.30862034541934e-08
GRMZM2G115598,Metabolite,X.311..citric.acid..16.615..s100,GShoot,4.08166486431938e-05
GRMZM2G115598,Metabolite,X.311..citric.acid..16.615..s100,Kern,1.0393867108183e-09
GRMZM2G115598,Metabolite,X.311..citric.acid..16.615..s100,LMAD,0.000150308975579438
GRMZM2G115598,Metabolite,X.311..citric.acid..16.615..s100,LMAN,0.00826601148276165
GRMZM2G115598,Metabolite,X.448388..D.allose.1..17.278,GShoot,0.00179838252198428
GRMZM2G115598,Metabolite,X.5984..fructose.1..17.18..s100,Kern,0.000134115164230897
GRMZM2G115598,Metabolite,X.5988..Sucrose..23.988..s100,L3Base,4.24339576809984e-07
GRMZM2G117281,Metabolite,X.5810..trans.4.hydroxy.L.proline.2..13.267,GRoot,0.0284561392315481
GRMZM2G117878,other,NumberofTilleringPlants,L3Tip,0.0166502168925791
GRMZM2G118286,Male Inflorescence,TasselLength,L3Base,0.0034425927729913
GRMZM2G118286,Male Inflorescence,TasselLength,LMAN,0.00654234356728267
GRMZM2G118441,other,MainSpikeLength,L3Tip,0.000289927676103474
GRMZM2G118714,Metabolite,X.738..L.glutamine.2..14.083,GShoot,0.00298473026821866
GRMZM2G118766,Metabolite,X.637542..4.hydroxycinnamic.acid..17.854,GShoot,0.00180502225760826
GRMZM2G118950,Seed Traits,X20KernelWeight,GRoot,0.0346491745418422
GRMZM2G119272,other,EarDiameter,Kern,0.0127335190376443
GRMZM2G119272,Seed Traits,EarWeight,Kern,0.000172526380605831
GRMZM2G119272,Seed Traits,TotalKernelVolume,Kern,1.87070806787482e-05
GRMZM2G119272,Seed Traits,TotalSeedWeight,Kern,0.00945627604191879
GRMZM2G119345,Female Inflorescence,EarLength,LMAD,0.0256950899410358
GRMZM2G119485,Metabolite,X.439451..galactinol.2..26.479,L3Base,0.000151695179674949
GRMZM2G120257,Metabolite,X.6537496..chlorogenic.acid.2..27.18..s100,L3Base,0.00475539256916058
GRMZM2G120975,Seed Traits,X20KernelWeight,L3Tip,1.1521385880453e-05
GRMZM2G121070,Metabolite,X.5810..trans.4.hydroxy.L.proline.2..13.267,GRoot,0.000191669703188957
GRMZM2G121312,Metabolite,X.92824..D.malic.acid..12.794..s100,LMAN,0.000167546724574308
GRMZM2G121404,Metabolite,X.6262..L.ornithine.2..16.632,LMAD,0.0102154682267031
GRMZM2G121960,Metabolite,X.239..Beta..alanine..1..12.044,L3Tip,0.00749349676423261
GRMZM2G121990,Metabolite,X.6537496..chlorogenic.acid.1..26.37,L3Tip,1.2833026737713e-05
GRMZM2G122108,Female Inflorescence,EarLength,GShoot,0.00438534607360497
GRMZM2G122276,Metabolite,X.5460673..D.saccharic.acid..18.614,L3Tip,0.0327614066596915
GRMZM2G122443,Metabolite,X.1001..phenethylamine..13.742,L3Base,0.00475596585555982
GRMZM2G122481,Metabolite,X.1001..phenethylamine..13.742,GShoot,5.22964118010449e-06
GRMZM2G122712,other,NumberofTilleringPlants,L3Base,3.87332832474385e-10
GRMZM2G122811,other,NIRStarch,L3Tip,0.0393231300647088
GRMZM2G122954,Metabolite,X.637542..4.hydroxycinnamic.acid..17.854,L3Base,0.0442175605018518
GRMZM2G123014,Metabolite,X.204..allantoin.1..17.293,L3Tip,0.00019611962076338
GRMZM2G123544,Metabolite,X.204..allantoin.1..17.293,L3Tip,0.000208614288626396
GRMZM2G123544,Metabolite,X.6255..maltose..2..24.915,L3Tip,0.00862299617875273
GRMZM2G123719,other,NIRStarch,LMAN,0.00144087585611019
GRMZM2G124799,Metabolite,X.60961..adenosine..23.825,L3Base,0.0432753901694705
GRMZM2G125314,Metabolite,X.3037582..mucic.acid..18.907,L3Tip,0.00124522711972386
GRMZM2G125812,other,NIRProtein,Kern,8.22585196964543e-05
GRMZM2G126002,Metabolite,X.119..gamma.aminobutyric.acid..GABA...13.326,L3Tip,0.00239918259835159
GRMZM2G126002,Metabolite,X.60961..adenosine..23.825,L3Base,0.00401237166972379
GRMZM2G126603,Metabolite,X.8742..shikimic.acid..16.433..s100,L3Tip,0.0209235015823839
GRMZM2G127067,Metabolite,X.6255..maltose..2..24.915,LMAD,3.03717876495902e-09
GRMZM2G127309,Metabolite,X.5810..trans.4.hydroxy.L.proline.2..13.267,L3Base,0.000424162662095995
GRMZM2G127548,Metabolite,X.5810..trans.4.hydroxy.L.proline.2..13.267,Kern,8.54407496087006e-06
GRMZM2G128160,Seed Traits,TotalKernelNum,L3Base,0.000782853159138064
GRMZM2G128189,Metabolite,X.92824..D.malic.acid..12.794..s100,L3Base,0.00519893638444557
GRMZM2G129311,Metabolite,X.239..Beta..alanine..1..12.044,LMAD,1.68152597179727e-07
GRMZM2G129431,Metabolite,X.439451..galactinol.2..26.479,L3Base,8.89962624834872e-05
GRMZM2G129860,Metabolite,X.204..allantoin.1..17.293,L3Tip,0.0197030466112328
GRMZM2G129987,Metabolite,X.6537496..chlorogenic.acid.2..27.18..s100,LMAN,0.00112478236936653
GRMZM2G130055,Metabolite,X.5460935..turanose.1..24.81,GRoot,0.010043533866809
GRMZM2G130305,other,NIRStarch,L3Base,0.000191389732233871
GRMZM2G130305,other,NIRStarch,LMAD,2.02060590481779e-14
GRMZM2G131070,Seed Traits,CobWeight,L3Tip,0.0401083655394128
GRMZM2G131321,Female Inflorescence,CobDiameter,L3Base,0.000354703467582596
GRMZM2G131784,Metabolite,X.239..Beta..alanine..1..12.044,L3Tip,0.0280669003317147
GRMZM2G132568,Metabolite,X.2116..alpha.tocophereol..27.379,LMAN,0.0437808180781474
GRMZM2G132628,Metabolite,X.5810..trans.4.hydroxy.L.proline.2..13.267,L3Tip,0.000279937426844512
GRMZM2G132628,Metabolite,X.642609..trans.caftaric.acid.2..25.529,L3Tip,3.10336312203674e-09
GRMZM2G132811,Seed Traits,X20KernelWeight,GRoot,0.0421940818075615
GRMZM2G132862,Metabolite,X.5960..aspartic.acid.2..13.207,L3Tip,0.0429242051096734
GRMZM2G133314,Metabolite,X.92824..D.malic.acid..12.794..s100,L3Base,0.000570658962071313
GRMZM2G133434,Metabolite,X.827..ribitol..15.66,L3Tip,0.0401780583404288
GRMZM2G133573,other,TasselBranchLength,L3Tip,1.0177276914991e-05
GRMZM2G133746,Metabolite,X.5280450..linoleic.acid..20.399,L3Base,1.73541181425207e-11
GRMZM2G133746,Metabolite,X.60961..adenosine..23.825,L3Base,3.43264957658462e-05
GRMZM2G134044,Metabolite,X.971..oxalic.acid..7.883,LMAN,0.00175150957131365
GRMZM2G134054,Metabolite,X.791..DL.isoleucine.2..10.225,L3Tip,0.0023899941300678
GRMZM2G134227,other,TasselBranchLength,GRoot,0.000364902761528452
GRMZM2G134716,Metabolite,X.6537496..chlorogenic.acid.2..27.18..s100,L3Base,3.22717829126518e-06
GRMZM2G134731,Metabolite,X.92824..D.malic.acid..12.794..s100,GRoot,1.71105888187029e-05
GRMZM2G135095,other,SouthernLeafBlight,L3Tip,0.00997891369037518
GRMZM2G135120,Metabolite,X.12647..L.homoserine.2..12.359,L3Tip,0.0397408950647469
GRMZM2G135120,Metabolite,X.448388..D.allose.1..17.278,L3Tip,0.00249014498839184
GRMZM2G135120,Metabolite,X.5962..L.lysine.2..17.643,L3Tip,1.74020130132568e-05
GRMZM2G135256,Metabolite,X.754..glycerol.1.phosphate..16.056,L3Tip,0.00187903783759324
GRMZM2G135446,Metabolite,X.6288..L.threonine.2..11.464,L3Base,0.0460621155422598
GRMZM2G135568,Metabolite,X.119..gamma.aminobutyric.acid..GABA...13.326,Kern,0.000130846969801368
GRMZM2G135617,Metabolite,X.439742..beta.cyano.L.alanine..11.288,L3Tip,1.72921676977467e-11
GRMZM2G135763,Metabolite,X.750..glycine..10.456..s100,L3Base,0.000819965809811363
GRMZM2G135960,Metabolite,X.33032..L.glutamic.acid.3..dehydrated...13.232..s100,LMAN,0.00557835057144285
GRMZM2G136158,Metabolite,X.5460935..turanose.1..24.81,GShoot,0.00354611751066436
GRMZM2G136513,Seed Traits,TotalKernelNum,L3Base,0.0028903489758636
GRMZM2G136975,other,TilleringIndex,L3Base,0.0257376758390777
GRMZM2G137435,Metabolite,X.9750..citrulline.2..16.691,L3Tip,0.0457454370952477
GRMZM2G137477,Metabolite,X.5988..Sucrose..23.988..s100,GShoot,0.045931894503829
GRMZM2G137593,other,NumberofTilleringPlants,L3Tip,0.0185857428647545
GRMZM2G137775,Metabolite,X.6508..quinic.acid..17.076..s100,L3Tip,0.00254180440090157
GRMZM2G137779,Metabolite,X.439242..Raffinose..29.282,L3Base,0.00492747031463914
GRMZM2G138076,Metabolite,X.439451..galactinol.2..26.479,GRoot,0.00839492361365579
GRMZM2G138125,Metabolite,X.439183..3.phosphoglyceric.acid..16.504,L3Base,0.0234397636974826
GRMZM2G138125,Metabolite,X.5962..L.lysine.2..17.643,L3Base,0.00784820686066245
GRMZM2G138245,Metabolite,X.439742..beta.cyano.L.alanine..11.288,L3Tip,0.000135498154037794
GRMZM2G138245,Metabolite,X.6288..L.threonine.2..11.464,L3Tip,5.78560627546576e-05
GRMZM2G138245,Metabolite,X.754..glycerol.1.phosphate..16.056,L3Tip,8.07313274400201e-05
GRMZM2G138245,Metabolite,X.791..DL.isoleucine.2..10.225,L3Tip,0.0244962571871286
GRMZM2G138421,other,NumberofTilleringPlants,LMAN,0.0100393840866047
GRMZM2G138496,Leaf Morphology,UpperLeafAngle,GShoot,0.000587648263685736
GRMZM2G139284,other,NumberofTilleringPlants,L3Tip,4.75020698331718e-08
GRMZM2G139522,Metabolite,X.236..L.asparagine.2..14.984,L3Tip,0.0080793923914515
GRMZM2G139522,Metabolite,X.439742..beta.cyano.L.alanine..11.288,L3Tip,0.00404804946071646
GRMZM2G139880,Metabolite,X.311..citric.acid..16.615..s100,LMAN,0.00186429893624762
GRMZM2G139973,Metabolite,X.12647..L.homoserine.2..12.359,L3Base,0.00817862582333007
GRMZM2G139973,Metabolite,X.5951..L.serine.2..11.174..s100,L3Base,9.95160065464518e-09
GRMZM2G140082,Metabolite,X.6262..L.ornithine.2..16.632,L3Tip,0.00791764388564253
GRMZM2G140095,Metabolite,X.439194..glyceric.acid..10.735,L3Tip,9.95722957599643e-05
GRMZM2G140448,other,SecondaryBranchNumber,GRoot,0.0305110829088284
GRMZM2G140651,Metabolite,X.738..L.glutamine.2..14.083,LMAN,0.0181628214051557
GRMZM2G140811,Metabolite,X.5962..L.lysine.2..17.643,L3Tip,0.00138236905512645
GRMZM2G141034,Metabolite,X.5460935..turanose.1..24.81,LMAD,4.56934639569973e-05
GRMZM2G141607,Flowering Time,GDDAnthesis.SilkingInterval,L3Base,0.00120033253152663
GRMZM2G141810,Metabolite,X.637775..3.5.dimethoxy.4.hydroxycinnamic.acid.2..20.65,GRoot,0.000128743065267667
GRMZM2G141848,Metabolite,X.6537496..chlorogenic.acid.1..26.37,L3Base,0.0222035847949251
GRMZM2G142011,Metabolite,X.5321342..beta.sitosterol..28.848,L3Tip,8.86068149963393e-07
GRMZM2G142011,Metabolite,X.6255..maltose..2..24.915,L3Tip,1.09818295230914e-10
GRMZM2G142088,Metabolite,X.444212..trans.aconitic.acid..15.842..s100,GShoot,0.0007066894954737
GRMZM2G142334,Flowering Time,GDDAnthesis.SilkingInterval,L3Tip,0.0229331080300232
GRMZM2G143469,Flowering Time,DaysToTassel,L3Tip,0.00323744831776907
GRMZM2G143469,Flowering Time,GDDDaystoTassel,L3Tip,0.0474179848839942
GRMZM2G143886,Female Inflorescence,EarRowNumber,GShoot,0.000833821012156122
GRMZM2G144020,Metabolite,X.642609..trans.caftaric.acid.2..25.529,L3Tip,8.92454724521485e-06
GRMZM2G144841,Metabolite,X.6057..tyrosine.2..17.871,LMAN,0.0335909799194278
GRMZM2G145065,Metabolite,X.700..ethanolamine..9.879,LMAD,0.0223493745351879
GRMZM2G145213,Metabolite,X.642609..trans.caftaric.acid.2..25.529,L3Base,1.94715696806291e-05
GRMZM2G145720,Metabolite,X.311..citric.acid..16.615..s100,L3Base,0.0133375800800644
GRMZM2G146234,Metabolite,X.642609..trans.caftaric.acid.2..25.529,L3Tip,0.0233343456777635
GRMZM2G147191,other,SouthernLeafBlight,LMAN,0.0403001303832931
GRMZM2G147221,Metabolite,X.6255..maltose.1..24.702,LMAN,0.000122232851122117
GRMZM2G147408,Metabolite,X.204..allantoin.1..17.293,LMAD,0.00696211151192783
GRMZM2G147408,Metabolite,X.439958..D.glucose.6.phosphate.1..21.394,LMAD,0.00712494436841071
GRMZM2G147408,Metabolite,X.5988..Sucrose..23.988..s100,LMAD,7.25928206435356e-11
GRMZM2G147408,Metabolite,X.6262..L.ornithine.2..16.632,LMAD,2.54098698141744e-16
GRMZM2G147408,Metabolite,X.637775..3.5.dimethoxy.4.hydroxycinnamic.acid.2..20.65,LMAD,9.11488662325155e-11
GRMZM2G147408,Metabolite,X.938..nicotinic.acid..10.27,LMAD,2.01232110921268e-05
GRMZM2G147408,other,NIRStarch,LMAD,0.0226818701566697
GRMZM2G147481,Metabolite,X.637542..4.hydroxycinnamic.acid..17.854,L3Base,0.000791543288025665
GRMZM2G147503,Metabolite,X.5988..Sucrose..23.988..s100,L3Base,0.0101731864299839
GRMZM2G147809,Metabolite,X.5460935..turanose.1..24.81,L3Tip,0.0101434044377495
GRMZM2G148249,Metabolite,X.8742..shikimic.acid..16.433..s100,LMAN,0.0270209750818748
GRMZM2G149286,Metabolite,X.5321342..beta.sitosterol..28.848,L3Tip,0.00369941553555142
GRMZM2G149286,Metabolite,X.738..L.glutamine.2..14.083,L3Base,0.028257180743485
GRMZM2G149392,Metabolite,X.642609..trans.caftaric.acid.2..25.529,L3Base,7.5569074271975e-05
GRMZM2G149700,Metabolite,X.92824..D.malic.acid..12.794..s100,Kern,0.0355711563256746
GRMZM2G151015,Metabolite,X.2116..alpha.tocophereol..27.379,GShoot,0.0285055283562086
GRMZM2G151245,Metabolite,X.51..alpha.ketoglutaric.acid..13.859,L3Base,0.0378609504429237
GRMZM2G152105,other,TasselBranchLength,GShoot,0.00437821886883905
GRMZM2G152179,other,NumberofTilleringPlants,LMAN,1.24644571202792e-17
GRMZM2G152438,Metabolite,X.1549111..caffeic.acid..19.755,L3Base,8.04564874923308e-06
GRMZM2G152638,Metabolite,X.444266..maleic.acid..10.323,L3Base,0.0414909922420832
GRMZM2G152777,Metabolite,X.204..allantoin.1..17.293,L3Tip,0.0245850637378169
GRMZM2G153017,Metabolite,X.5988..Sucrose..23.988..s100,LMAD,0.0166283290250626
GRMZM2G153178,other,NumberofTilleringPlants,GRoot,6.02694549667326e-06
GRMZM2G153611,Metabolite,X.5321342..beta.sitosterol..28.848,LMAN,0.00198309043055422
GRMZM2G153920,Seed Traits,CobWeight,L3Tip,0.0142951903656243
GRMZM2G153945,Metabolite,X.439742..beta.cyano.L.alanine..11.288,L3Tip,2.48458676139762e-05
GRMZM2G153961,Metabolite,X.637775..3.5.dimethoxy.4.hydroxycinnamic.acid.2..20.65,LMAN,5.71425206832353e-15
GRMZM2G154048,Metabolite,X.3037582..mucic.acid..18.907,L3Base,0.000161515422236747
GRMZM2G154156,Metabolite,X.439194..glyceric.acid..10.735,L3Base,0.0446396006026113
GRMZM2G154316,Metabolite,X.6106..L.leucine.2..9.945,Kern,0.00121443365243312
GRMZM2G154626,other,TasselBranchLength,L3Tip,0.0375179697839689
GRMZM2G154839,Metabolite,X.8742..shikimic.acid..16.433..s100,Kern,1.72966270195474e-06
GRMZM2G155002,Metabolite,X.6537496..chlorogenic.acid.2..27.18..s100,L3Base,0.000865734192101675
GRMZM2G155073,other,Spikelets.PrimaryBranch,GRoot,0.0010372156527847
GRMZM2G155565,other,RowQuality,LMAD,0.00226992735117992
GRMZM2G155729,Metabolite,X.119..gamma.aminobutyric.acid..GABA...13.326,L3Tip,1.44937637891474e-07
GRMZM2G155753,other,RowQuality,L3Tip,0.0153686966343867
GRMZM2G155767,Metabolite,X.754..glycerol.1.phosphate..16.056,LMAN,0.00921271857770756
GRMZM2G155998,Metabolite,X.12647..L.homoserine.2..12.359,GRoot,6.55475673738692e-13
GRMZM2G156026,Metabolite,X.700..ethanolamine..9.879,L3Tip,0.0238562221818359
GRMZM2G156026,Metabolite,X.700..ethanolamine..9.879,LMAD,0.000331404469653407
GRMZM2G156816,Metabolite,X.239..Beta..alanine..1..12.044,L3Base,0.00112932029616819
GRMZM2G157522,Metabolite,X.827..ribitol..15.66,LMAN,0.00896195347759532
GRMZM2G157616,other,StandCount,Kern,0.00135686572192095
GRMZM2G158736,other,NumberofTilleringPlants,GRoot,0.0033505330696737
GRMZM2G158890,Metabolite,X.642609..trans.caftaric.acid.2..25.529,L3Base,3.44503092719606e-09
GRMZM2G159119,Metabolite,X.5988..Sucrose..23.988..s100,LMAN,0.00257053475258395
GRMZM2G159937,other,SouthernLeafBlight,L3Base,0.00770556249357446
GRMZM2G160178,other,NumberofTilleringPlants,L3Base,0.0201495603861959
GRMZM2G160515,Metabolite,X.637775..3.5.dimethoxy.4.hydroxycinnamic.acid.2..20.65,LMAN,0.00280241291613503
GRMZM2G160710,Metabolite,X.444972..fumaric.acid..10.94,L3Tip,1.13948065427749e-07
GRMZM2G160842,Seed Traits,TotalKernelVolume,L3Base,0.000323549212018381
GRMZM2G161004,Metabolite,X.439742..beta.cyano.L.alanine..11.288,LMAN,0.00211962303285462
GRMZM2G161302,Metabolite,X.5810..trans.4.hydroxy.L.proline.2..13.267,L3Tip,0.00225296284683152
GRMZM2G161521,Metabolite,X.5810..trans.4.hydroxy.L.proline.2..13.267,LMAN,1.97619467801101e-20
GRMZM2G162154,Metabolite,X.128869..galactonic.acid.2..18.504,LMAD,6.78520664365578e-06
GRMZM2G162453,Female Inflorescence,EarRowNumber,LMAD,0.00870140857983826
GRMZM2G163159,other,NIRStarch,LMAD,0.000330541075670432
GRMZM2G163296,Metabolite,X.738..L.glutamine.2..14.083,L3Base,0.000249747557270474
GRMZM2G164761,Metabolite,X.5810..trans.4.hydroxy.L.proline.2..13.267,LMAN,6.63846172210825e-05
GRMZM2G165778,Metabolite,X.827..ribitol..15.66,L3Base,7.49581539061239e-07
GRMZM2G165919,Metabolite,X.637775..3.5.dimethoxy.4.hydroxycinnamic.acid.2..20.65,GRoot,6.62041759413867e-07
GRMZM2G166348,other,TasselBranchLength,L3Tip,0.0375179697839689
GRMZM2G166671,Metabolite,X.5962..L.lysine.2..17.643,L3Tip,0.00111750218816731
GRMZM2G166767,Metabolite,X.6537496..chlorogenic.acid.1..26.37,L3Tip,0.000590450708654267
GRMZM2G167283,other,NIRStarch,L3Base,1.90758598250795e-07
GRMZM2G167591,other,SecondaryBranchNumber,L3Base,0.000213856314617011
GRMZM2G167787,Metabolite,X.9750..citrulline.2..16.691,GRoot,0.0421584354857996
GRMZM2G167824,Metabolite,X.5984..fructose.1..17.18..s100,GShoot,0.0177644390226039
GRMZM2G167872,other,EarDiameter,GShoot,0.0393814292760486
GRMZM2G168917,other,Spikelets.MainSpike,L3Tip,0.00300645254175613
GRMZM2G168959,Metabolite,X.637542..4.hydroxycinnamic.acid..17.854,L3Base,0.0378642183085098
GRMZM2G169152,Metabolite,X.6537496..chlorogenic.acid.2..27.18..s100,Kern,3.25376080141382e-05
GRMZM2G169270,Metabolite,X.444212..trans.aconitic.acid..15.842..s100,L3Base,0.00210597472943364
GRMZM2G169825,Metabolite,X.750..glycine..10.456..s100,L3Tip,0.00144192084266193
GRMZM2G169825,Seed Traits,EarWeight,GRoot,0.0378537468086808
GRMZM2G169931,Male Inflorescence,TasselPrimaryBranches,GRoot,0.0372028601503052
GRMZM2G170400,Flowering Time,DaystoSilk,L3Tip,5.37338141315402e-07
GRMZM2G170400,Flowering Time,DaysToTassel,L3Tip,2.98677269530145e-05
GRMZM2G170602,other,TasselBranchLength,L3Tip,0.00898274889796058
GRMZM2G170742,other,RowQuality,L3Tip,0.00222339984148001
GRMZM2G171559,Metabolite,X.642609..trans.caftaric.acid.2..25.529,L3Tip,1.7681032637995e-08
GRMZM2G171600,other,TasselBranchLength,LMAN,0.0015272645069917
GRMZM2G171604,Metabolite,X.439742..beta.cyano.L.alanine..11.288,L3Tip,0.0152354915040105
GRMZM2G171644,Metabolite,X.637775..3.5.dimethoxy.4.hydroxycinnamic.acid.2..20.65,L3Base,0.00555244931634191
GRMZM2G171650,other,SouthernLeafBlight,GShoot,0.0426937785884554
GRMZM2G171650,other,SouthernLeafBlight,L3Base,0.0230083619616557
GRMZM2G171961,Development,PlantHeight,Kern,4.2433896130234e-06
GRMZM2G172098,Metabolite,X.6255..maltose..2..24.915,LMAN,0.0195967443830978
GRMZM2G172159,other,Spikelets.MainSpike,L3Tip,0.000921309745613996
GRMZM2G173563,other,MainSpikeLength,L3Tip,8.16999585864231e-05
GRMZM2G173612,Metabolite,X.444212..trans.aconitic.acid..15.842..s100,L3Base,0.00474304612363241
GRMZM2G174568,Metabolite,X.754..glycerol.1.phosphate..16.056,Kern,1.3148466815549e-05
GRMZM2G175031,Seed Traits,TotalSeedWeight,LMAN,0.000219226793703342
GRMZM2G175860,Metabolite,X.642609..trans.caftaric.acid.2..25.529,LMAN,2.62745558643474e-09
GRMZM2G175989,Leaf Morphology,LeafWidth,Kern,0.0460008124428946
GRMZM2G176085,Metabolite,X.938..nicotinic.acid..10.27,L3Tip,0.0076812256232266
GRMZM2G176998,Metabolite,X.6255..maltose..2..24.915,L3Tip,1.15030594605159e-07
GRMZM2G177340,Metabolite,X.754..glycerol.1.phosphate..16.056,LMAN,0.021815977619557
GRMZM2G177812,Metabolite,X.642609..trans.caftaric.acid.2..25.529,L3Tip,5.88402319467996e-05
GRMZM2G177863,Metabolite,X.2724705..1.6.anhydro.glucose..15.326,L3Tip,0.00114112309763437
GRMZM2G177937,Flowering Time,GDDAnthesis.SilkingInterval,L3Base,0.00220222203238651
GRMZM2G178681,Metabolite,X.9750..citrulline.2..16.691,L3Base,2.18665947571139e-07
GRMZM2G179002,Metabolite,X.5321342..beta.sitosterol..28.848,GShoot,0.00808745210447981
GRMZM2G179253,Metabolite,X.204..allantoin.1..17.293,LMAD,0.0322288729486591
GRMZM2G179507,Metabolite,X.754..glycerol.1.phosphate..16.056,LMAN,0.00340414662303168
GRMZM2G179679,Metabolite,X.1001..phenethylamine..13.742,L3Base,1.75635365584625e-07
GRMZM2G180262,other,TilleringIndex,LMAD,0.00602790022132815
GRMZM2G180419,Metabolite,X.204..allantoin.1..17.293,L3Tip,0.000135428815040584
GRMZM2G180435,other,NIRStarch,LMAN,0.0017818436682937
GRMZM2G180903,Metabolite,X.6537496..chlorogenic.acid.1..26.37,LMAD,1.06923102730411e-08
GRMZM2G180903,Metabolite,X.6537496..chlorogenic.acid.2..27.18..s100,LMAD,1.18427974360458e-06
GRMZM2G181227,other,EarDiameter,Kern,0.00604981194392096
GRMZM2G181371,Metabolite,X.6537496..chlorogenic.acid.1..26.37,L3Tip,0.00203636390716078
GRMZM2G181371,Metabolite,X.6537496..chlorogenic.acid.2..27.18..s100,L3Tip,0.000600314324741724
GRMZM2G303728,Metabolite,X.5810..trans.4.hydroxy.L.proline.2..13.267,L3Tip,1.55773388077485e-06
GRMZM2G304362,Development,PlantHeight,LMAD,0.0305204434378705
GRMZM2G304745,Metabolite,X.5460407..threonic.acid..13.652,L3Tip,0.000353155721122045
GRMZM2G305060,Metabolite,X.1001..phenethylamine..13.742,LMAN,0.00100190456507443
GRMZM2G306597,Metabolite,X.439451..galactinol.2..26.479,L3Base,1.66838011701476e-05
GRMZM2G306597,Metabolite,X.5984..fructose.1..17.18..s100,GShoot,0.0309506688172778
GRMZM2G307404,Metabolite,X.5810..trans.4.hydroxy.L.proline.2..13.267,L3Base,4.76205084298798e-05
GRMZM2G308365,Metabolite,X.444266..maleic.acid..10.323,L3Base,0.0457418368662439
GRMZM2G309479,Metabolite,X.791..DL.isoleucine.2..10.225,L3Tip,0.00328982209923279
GRMZM2G311898,Metabolite,X.439451..galactinol.2..26.479,Kern,0.0097163534049427
GRMZM2G317738,Flowering Time,GDDAnthesis.SilkingInterval,L3Base,0.0104956089704511
GRMZM2G318213,Metabolite,X.439451..galactinol.2..26.479,LMAN,0.0140263692418363
GRMZM2G320298,Metabolite,X.5962..L.lysine.2..17.643,L3Tip,0.0292976265173976
GRMZM2G320399,other,MainSpikeLength,LMAN,0.0237036077044799
GRMZM2G320705,Metabolite,X.5321515..stigmasterol..28.442,L3Tip,0.00046950531993728
GRMZM2G321413,Metabolite,X.60961..adenosine..23.825,L3Base,1.40042145879704e-06
GRMZM2G322819,Metabolite,X.750..glycine..10.456..s100,LMAN,1.33208993613465e-06
GRMZM2G323287,Metabolite,X.3037582..mucic.acid..18.907,LMAN,0.01056266506488
GRMZM2G324544,Development,PlantHeight,GRoot,0.0346255555336068
GRMZM2G327263,Metabolite,X.6106..L.leucine.2..9.945,GShoot,0.000795373328664972
GRMZM2G328133,other,NIROil,L3Base,8.21810783868671e-08
GRMZM2G328742,Seed Traits,TotalKernelVolume,GShoot,0.000479432756055553
GRMZM2G331250,Female Inflorescence,EarLength,GShoot,0.0426222776366014
GRMZM2G331701,other,NumberofTilleringPlants,L3Tip,0.00127365277900893
GRMZM2G336326,Metabolite,X.5810..trans.4.hydroxy.L.proline.2..13.267,L3Tip,0.0034912443359052
GRMZM2G337330,Metabolite,X.5988..Sucrose..23.988..s100,L3Base,0.0230143977112196
GRMZM2G337594,Metabolite,X.12647..L.homoserine.2..12.359,L3Tip,0.023591057162708
GRMZM2G337594,Metabolite,X.239..Beta..alanine..1..12.044,L3Tip,4.64298561198007e-06
GRMZM2G340065,other,Spikelets.MainSpike,LMAN,0.000593941117919217
GRMZM2G342033,Metabolite,X.239..Beta..alanine..1..12.044,GShoot,0.00318888223543601
GRMZM2G342033,Metabolite,X.439742..beta.cyano.L.alanine..11.288,GShoot,0.00569907299439043
GRMZM2G342033,Metabolite,X.5951..L.serine.2..11.174..s100,GShoot,0.00013825135754475
GRMZM2G342033,Metabolite,X.6288..L.threonine.2..11.464,GShoot,0.00184354564198075
GRMZM2G343543,other,GerminationCount,L3Tip,0.000100196123880458
GRMZM2G345700,Metabolite,X.5460935..turanose.1..24.81,L3Tip,0.0290342263192329
GRMZM2G349603,other,Spikelets.PrimaryBranch,LMAN,0.0422524100423605
GRMZM2G351330,Metabolite,X.444212..trans.aconitic.acid..15.842..s100,L3Tip,0.0013484939473063
GRMZM2G351716,Metabolite,X.239..Beta..alanine..1..12.044,L3Base,0.00224434751881297
GRMZM2G352678,Metabolite,X.5810..trans.4.hydroxy.L.proline.2..13.267,GRoot,0.000160661849075261
GRMZM2G353905,other,SecondaryBranchNumber,LMAD,0.0179400491740263
GRMZM2G354834,Metabolite,X.2116..alpha.tocophereol..27.379,Kern,0.00846818957409745
GRMZM2G355773,Metabolite,X.439242..Raffinose..29.282,LMAN,8.44704972635668e-09
GRMZM2G356817,Metabolite,X.5962..L.lysine.2..17.643,L3Tip,0.00454304900748803
GRMZM2G356938,Seed Traits,TotalKernelNum,L3Tip,0.0369421186804964
GRMZM2G359952,Metabolite,X.5988..Sucrose..23.988..s100,L3Tip,0.0119392217608798
GRMZM2G359952,Metabolite,X.738..L.glutamine.2..14.083,L3Tip,0.00259967054381716
GRMZM2G361993,Seed Traits,TotalKernelNum,L3Tip,0.0368801111596384
GRMZM2G362470,Metabolite,X.642609..trans.caftaric.acid.2..25.529,L3Base,0.0137218496974878
GRMZM2G362857,Metabolite,X.3037582..mucic.acid..18.907,LMAD,1.67174238976093e-12
GRMZM2G366142,Metabolite,X.6508..quinic.acid..17.076..s100,LMAN,0.00861050195435364
GRMZM2G371271,other,SeedSetLength,L3Base,0.000165241732876575
GRMZM2G371462,Metabolite,X.5962..L.lysine.2..17.643,GShoot,3.47475878959003e-07
GRMZM2G373396,Metabolite,X.637542..4.hydroxycinnamic.acid..17.854,L3Tip,0.000155990560872343
GRMZM2G374263,Metabolite,X.6288..L.threonine.2..11.464,L3Base,4.58432372951734e-06
GRMZM2G375002,Metabolite,X.12647..L.homoserine.2..12.359,L3Tip,0.000577276929645265
GRMZM2G375002,Metabolite,X.204..allantoin.1..17.293,L3Tip,5.31561227293904e-17
GRMZM2G375002,Metabolite,X.236..L.asparagine.2..14.984,L3Tip,7.57009839702505e-05
GRMZM2G375002,Metabolite,X.439742..beta.cyano.L.alanine..11.288,L3Tip,5.25443545340565e-06
GRMZM2G375002,Metabolite,X.448388..D.allose.1..17.278,L3Tip,1.14972564801974e-09
GRMZM2G375002,Metabolite,X.6262..L.ornithine.2..16.632,L3Tip,1.47974767994441e-06
GRMZM2G375002,Metabolite,X.938..nicotinic.acid..10.27,L3Tip,0.0227719433933769
GRMZM2G375002,other,SouthernLeafBlight,L3Tip,0.0450172590443154
GRMZM2G377311,Metabolite,X.439958..D.glucose.6.phosphate.1..21.394,LMAD,0.00667429788152951
GRMZM2G378121,other,NIRStarch,LMAD,0.00074830568166484
GRMZM2G381842,other,NumberofTilleringPlants,GRoot,0.000251085516383087
GRMZM2G382323,Metabolite,X.5988..Sucrose..23.988..s100,L3Tip,0.0119392217608798
GRMZM2G386817,other,SecondaryBranchNumber,GRoot,0.000244026735428449
GRMZM2G387383,Metabolite,X.5460935..turanose.1..24.81,LMAN,1.54432600229402e-11
GRMZM2G387394,Metabolite,X.5460407..threonic.acid..13.652,L3Base,0.0037401487185007
GRMZM2G398668,Metabolite,X.439742..beta.cyano.L.alanine..11.288,L3Tip,0.00251803170355203
GRMZM2G401062,Metabolite,X.439742..beta.cyano.L.alanine..11.288,L3Tip,0.0114235512226921
GRMZM2G401062,Metabolite,X.5810..trans.4.hydroxy.L.proline.2..13.267,L3Base,0.0134190510365921
GRMZM2G402002,Metabolite,X.642609..trans.caftaric.acid.2..25.529,L3Base,5.9434256272084e-07
GRMZM2G402417,Metabolite,X.5321515..stigmasterol..28.442,L3Tip,0.00212719237295822
GRMZM2G402675,Metabolite,X.2116..alpha.tocophereol..27.379,GRoot,0.0250603619859913
GRMZM2G403149,Metabolite,X.637542..4.hydroxycinnamic.acid..17.854,LMAN,0.0174888573677512
GRMZM2G403162,Leaf Morphology,UpperLeafAngle,Kern,0.0271800084744527
GRMZM2G403218,Female Inflorescence,EarRankNumber,L3Base,0.00013404896810032
GRMZM2G403590,Metabolite,X.6106..L.leucine.2..9.945,L3Tip,1.61630547382633e-07
GRMZM2G403590,Metabolite,X.6537496..chlorogenic.acid.1..26.37,L3Tip,7.63233565237442e-08
GRMZM2G403590,Metabolite,X.791..DL.isoleucine.2..10.225,L3Tip,0.019766353884576
GRMZM2G403915,other,Spikelets.MainSpike,L3Tip,0.000347048678874806
GRMZM2G405474,Metabolite,X.754..glycerol.1.phosphate..16.056,L3Tip,0.000129639745217292
GRMZM2G406014,Flowering Time,DaystoSilk,L3Tip,0.00132526500314256
GRMZM2G408703,Metabolite,X.204..allantoin.1..17.293,L3Tip,1.00899764099438e-08
GRMZM2G409635,Metabolite,X.8742..shikimic.acid..16.433..s100,L3Tip,5.95143717097013e-05
GRMZM2G409934,Metabolite,X.738..L.glutamine.2..14.083,L3Base,0.0294611148337005
GRMZM2G414141,Metabolite,X.439242..Raffinose..29.282,L3Tip,0.00026816987326761
GRMZM2G414423,Metabolite,X.12647..L.homoserine.2..12.359,GRoot,0.00275987499997177
GRMZM2G417223,Female Inflorescence,EarRowNumber,GRoot,0.0348287874591926
GRMZM2G418415,other,NIRStarch,L3Base,0.00249090461321577
GRMZM2G418689,other,RowQuality,L3Tip,0.0138115256780704
GRMZM2G420357,other,Spikelets.MainSpike,LMAD,0.00383344857174528
GRMZM2G420758,other,SouthernLeafBlight,L3Tip,0.00241075010078595
GRMZM2G420823,Metabolite,X.6537496..chlorogenic.acid.1..26.37,GRoot,1.7225019321998e-07
GRMZM2G422303,Metabolite,X.5460935..turanose.1..24.81,L3Tip,0.0101434044377495
GRMZM2G425920,Seed Traits,EarWeight,LMAN,0.00793300058090951
GRMZM2G425920,Seed Traits,TotalSeedWeight,LMAN,0.0150428823093531
GRMZM2G427815,Female Inflorescence,EarLength,GRoot,0.0483156328706746
GRMZM2G429169,Metabolite,X.827..ribitol..15.66,L3Base,0.013640977788246
GRMZM2G429759,Seed Traits,TotalKernelVolume,LMAN,0.0192536435906374
GRMZM2G429842,Metabolite,X.1549111..caffeic.acid..19.755,L3Tip,2.82636039017348e-08
GRMZM2G429955,Metabolite,X.439242..Raffinose..29.282,LMAN,0.00322301646564949
GRMZM2G430266,Metabolite,X.5810..trans.4.hydroxy.L.proline.2..13.267,GRoot,0.0266407133352242
GRMZM2G430455,Seed Traits,CobWeight,L3Tip,0.000249879549488075
GRMZM2G430807,Metabolite,X.700..ethanolamine..9.879,L3Tip,0.00178589059242951
GRMZM2G430807,Metabolite,X.700..ethanolamine..9.879,LMAD,2.44486916804305e-05
GRMZM2G431703,Metabolite,X.938..nicotinic.acid..10.27,L3Base,0.0212026576059976
GRMZM2G432060,Development,EarHeight,L3Base,0.00793840815750135
GRMZM2G432560,Female Inflorescence,EarRowNumber,L3Tip,0.0163146967843923
GRMZM2G434669,Metabolite,X.1060..pyruvic.acid..6.714,L3Base,0.01421514793158
GRMZM2G438400,other,TilleringIndex,L3Tip,0.0300402973124996
GRMZM2G441906,Metabolite,X.439194..glyceric.acid..10.735,GRoot,0.0301515081182007
GRMZM2G445783,other,NumberofTilleringPlants,L3Base,4.73399097700167e-13
GRMZM2G446218,Metabolite,X.1001..phenethylamine..13.742,LMAD,0.0471459431988444
GRMZM2G447691,Metabolite,X.5810..trans.4.hydroxy.L.proline.2..13.267,LMAN,9.85841356659911e-06
GRMZM2G447976,Metabolite,X.6537496..chlorogenic.acid.2..27.18..s100,L3Base,0.00940388538035153
GRMZM2G448258,Metabolite,X.439742..beta.cyano.L.alanine..11.288,L3Base,0.00025048678394346
GRMZM2G448701,Metabolite,X.439451..galactinol.2..26.479,L3Tip,6.68414791977767e-05
GRMZM2G458448,Metabolite,X.738..L.glutamine.2..14.083,L3Base,0.0221305977509174
GRMZM2G459052,Metabolite,X.239..Beta..alanine..1..12.044,L3Tip,3.31711730641171e-05
GRMZM2G459291,Metabolite,X.3037582..mucic.acid..18.907,L3Base,0.023018043110451
GRMZM2G460566,Metabolite,X.738..L.glutamine.2..14.083,L3Tip,0.0265185743210719
GRMZM2G461186,other,NumberofTilleringPlants,GRoot,0.00116853873923128
GRMZM2G463904,Female Inflorescence,EarRankNumber,L3Tip,0.0109529327625026
GRMZM2G463904,Metabolite,X.439183..3.phosphoglyceric.acid..16.504,L3Tip,0.0391089721425359
GRMZM2G464043,Metabolite,X.637775..3.5.dimethoxy.4.hydroxycinnamic.acid.2..20.65,GRoot,0.00856634957668856
GRMZM2G464985,Metabolite,X.439183..3.phosphoglyceric.acid..16.504,L3Tip,0.010023323657308
GRMZM2G466298,other,NumberofTilleringPlants,L3Tip,4.11474188055649e-09
GRMZM2G466848,Metabolite,X.444212..trans.aconitic.acid..15.842..s100,L3Base,0.000539556150215503
GRMZM2G467435,other,RowQuality,L3Tip,8.66997983184348e-07
GRMZM2G468535,Metabolite,X.5810..trans.4.hydroxy.L.proline.2..13.267,L3Base,0.000337002091274297
GRMZM2G468535,Metabolite,X.60961..adenosine..23.825,GShoot,0.000255099965374761
GRMZM2G468661,Metabolite,X.5988..Sucrose..23.988..s100,L3Tip,0.00130505294116245
GRMZM2G469175,Metabolite,X.5810..trans.4.hydroxy.L.proline.2..13.267,L3Tip,0.0343266592405
GRMZM2G469477,Metabolite,X.3037582..mucic.acid..18.907,LMAD,3.66969056602162e-05
GRMZM2G470974,Metabolite,X.439242..Raffinose..29.282,L3Base,0.000388330593780184
GRMZM2G470981,Metabolite,X.5988..Sucrose..23.988..s100,LMAD,0.0202345611509489
GRMZM2G470981,Metabolite,X.738..L.glutamine.2..14.083,LMAD,0.00246879021931612
GRMZM2G471089,Metabolite,X.6262..L.ornithine.2..16.632,L3Base,0.00627636166646362
GRMZM2G473310,Metabolite,X.204..allantoin.1..17.293,L3Tip,3.37880834422322e-10
GRMZM2G473511,Metabolite,X.60961..adenosine..23.825,L3Tip,0.0147922473187083
GRMZM2G477221,other,NumberofTilleringPlants,LMAN,1.66610174656689e-06
GRMZM2G477325,Metabolite,X.239..Beta..alanine..1..12.044,L3Tip,0.0164079994101627
GRMZM2G481103,Metabolite,X.5280450..linoleic.acid..20.399,L3Tip,0.000435961456268785
GRMZM2G481362,Metabolite,X.439183..3.phosphoglyceric.acid..16.504,L3Tip,0.00873443868252166
GRMZM2G483779,other,NIRStarch,LMAD,0.00100439525380658
GRMZM2G495626,Metabolite,X.6537496..chlorogenic.acid.2..27.18..s100,LMAD,0.0224863220058842
GRMZM2G544469,Metabolite,X.642609..trans.caftaric.acid.2..25.529,LMAD,5.56613264367321e-09
GRMZM2G544469,other,NIROil,L3Tip,0.00754285930698551
GRMZM2G544469,other,NumberofTilleringPlants,L3Tip,4.71353571951383e-07
GRMZM2G556515,Metabolite,X.5951..L.serine.2..11.174..s100,L3Base,0.0121831040690856
GRMZM2G571316,Metabolite,X.3037582..mucic.acid..18.907,GShoot,0.0298364795343622
GRMZM2G575305,Metabolite,X.700..ethanolamine..9.879,LMAD,0.000229292782828017
GRMZM2G591605,Metabolite,X.5810..trans.4.hydroxy.L.proline.2..13.267,L3Base,2.7719688473038e-05
GRMZM2G700788,Metabolite,X.6255..maltose.1..24.702,Kern,0.00833067424136336
GRMZM2G700788,Metabolite,X.6255..maltose.1..24.702,LMAD,0.000808453040528123
GRMZM2G700788,other,NIROil,LMAN,0.0034794184349094
GRMZM2G700788,other,NumberofTilleringPlants,LMAN,0.000287942840483169
GRMZM2G701746,other,GerminationCount,GRoot,0.0402030150309392
GRMZM2G704093,other,RowQuality,L3Tip,1.07543750298422e-05
GRMZM2G704347,other,TasselBranchLength,GShoot,0.0198320798649563
GRMZM5G809078,Metabolite,X.33032..L.glutamic.acid.3..dehydrated...13.232..s100,GRoot,2.28489938478571e-05
GRMZM5G812270,Metabolite,X.204..allantoin.1..17.293,Kern,0.000137699580814221
GRMZM5G812270,Metabolite,X.311..citric.acid..16.615..s100,GShoot,0.00138761016183575
GRMZM5G812270,Metabolite,X.5962..L.lysine.2..17.643,Kern,9.19310139124718e-09
GRMZM5G812270,Metabolite,X.754..glycerol.1.phosphate..16.056,Kern,0.000699832364919217
GRMZM5G812270,Metabolite,X.791..DL.isoleucine.2..10.225,Kern,0.00255240974067372
GRMZM5G813124,Metabolite,X.5321342..beta.sitosterol..28.848,L3Tip,0.000149754384112244
GRMZM5G813892,other,RowQuality,L3Tip,3.20673337341759e-05
GRMZM5G815851,Metabolite,X.642609..trans.caftaric.acid.2..25.529,LMAN,0.00659225683064579
GRMZM5G816453,Female Inflorescence,EarRowNumber,L3Tip,0.0192622313475672
GRMZM5G819919,Metabolite,X.1001..phenethylamine..13.742,L3Tip,2.45639183340529e-05
GRMZM5G821828,other,NIRStarch,L3Base,0.0015106673822185
GRMZM5G822449,Metabolite,X.439194..glyceric.acid..10.735,GRoot,0.00342513586347915
GRMZM5G824137,Metabolite,X.5460935..turanose.1..24.81,L3Base,1.11389183916621e-05
GRMZM5G825909,Metabolite,X.439194..glyceric.acid..10.735,GRoot,0.00166224933024806
GRMZM5G831577,Metabolite,X.738..L.glutamine.2..14.083,L3Tip,3.96982617001385e-06
GRMZM5G833406,Metabolite,X.700..ethanolamine..9.879,GRoot,0.000557239635519125
GRMZM5G833747,other,SecondaryBranchNumber,GRoot,0.00416331998227104
GRMZM5G834837,Metabolite,X.3037582..mucic.acid..18.907,L3Base,0.0247022247617745
GRMZM5G834837,other,SouthernLeafBlight,L3Tip,0.0279912276961731
GRMZM5G836471,other,SecondaryBranchNumber,GRoot,4.35671983622932e-05
GRMZM5G836683,Metabolite,X.6537496..chlorogenic.acid.2..27.18._alt,GRoot,0.00618597823148193
GRMZM5G842695,Metabolite,X.1001..phenethylamine..13.742,Kern,9.98939359575512e-05
GRMZM5G845129,Metabolite,X.6537496..chlorogenic.acid.1..26.37,LMAD,4.80709900330112e-07
GRMZM5G850092,Metabolite,X.6537496..chlorogenic.acid.1..26.37,LMAN,0.000797618124965371
GRMZM5G850092,Metabolite,X.6537496..chlorogenic.acid.2..27.18..s100,LMAN,0.000129902563402728
GRMZM5G851485,Metabolite,X.827..ribitol..15.66,LMAN,0.00312974266606036
GRMZM5G856653,other,StandCount,L3Tip,0.0315094775987315
GRMZM5G860469,Metabolite,X.6537496..chlorogenic.acid.1..26.37,L3Base,0.0118257370084869
GRMZM5G861997,Metabolite,X.6255..maltose..2..24.915,L3Base,7.73054899205761e-06
GRMZM5G864847,Metabolite,X.6508..quinic.acid..17.076..s100,LMAN,0.0405851288311299
GRMZM5G865298,other,MiddleLeafAngle,LMAN,0.0292000950897977
GRMZM5G866910,Metabolite,X.448388..D.allose.1..17.278,L3Tip,0.00139482942048774
GRMZM5G866910,Metabolite,X.5984..fructose.1..17.18..s100,L3Tip,0.00221618755248287
GRMZM5G868875,other,SecondaryBranchNumber,L3Base,0.00145510344612276
GRMZM5G871262,Flowering Time,DaystoSilk,LMAD,0.0294306776250823
GRMZM5G873277,other,SouthernLeafBlight,GShoot,0.00873225155672586
GRMZM5G876773,Metabolite,X.439451..galactinol.2..26.479,GShoot,0.049734598954291
GRMZM5G891656,Metabolite,X.60961..adenosine..23.825,L3Tip,1.53562282511994e-13
GRMZM5G891656,Metabolite,X.6106..L.leucine.2..9.945,L3Tip,0.00715150641310602
GRMZM5G891656,Metabolite,X.700..ethanolamine..9.879,L3Tip,6.64947373252289e-06
GRMZM5G893649,other,NIRStarch,L3Tip,0.00567677937992395
GRMZM5G894582,Metabolite,X.119..gamma.aminobutyric.acid..GABA...13.326,L3Base,0.000119789629922096
GRMZM5G894582,Metabolite,X.835..dehydroascorbic.acid..1..16.863,L3Base,1.25383898925691e-05
GRMZM5G896756,Metabolite,X.5321342..beta.sitosterol..28.848,L3Tip,0.00845898345987806
GRMZM6G161711,Metabolite,X.6255..maltose..2..24.915,GShoot,0.0130739888748344
GRMZM6G810942,Metabolite,X.3037582..mucic.acid..18.907,L3Tip,0.00998195713694461
GRMZM6G911845,Metabolite,X.642609..trans.caftaric.acid.2..25.529,L3Tip,0.0260321720813741
GRMZM6G915669,Metabolite,X.119..gamma.aminobutyric.acid..GABA...13.326,GRoot,0.0482301126834894
GRMZM6G945840,other,TasselBranchLength,LMAD,0.0301783896874153
zma.MIR528a,Metabolite,X.439242..Raffinose..29.282,L3Base,0.0099295478869168
zma.MIR528a,Metabolite,X.835..dehydroascorbic.acid..1..16.863,L3Base,1.09858924456682e-09
zma.MIR528a,Metabolite,X.835..dehydroascorbic.acid..1..16.863,L3Tip,3.59134519763534e-09
